target_chembl_id,molecule_chembl_id,pchembl_value,standard_type,standard_value,standard_units,assay_chembl_id,document_chembl_id,track,drug_name,max_phase,is_therapeutic,target_name
CHEMBL321,CHEMBL323090,11.0,IC50,0.01,nM,CHEMBL5234275,CHEMBL5233239,host,,,False,Matrix metalloproteinase-9
CHEMBL2971,CHEMBL3665128,10.97,IC50,0.0108,nM,CHEMBL3707646,CHEMBL3638973,host,,,False,Tyrosine-protein kinase JAK2
CHEMBL2971,CHEMBL3665130,10.97,IC50,0.0106,nM,CHEMBL3707646,CHEMBL3638973,host,,,False,Tyrosine-protein kinase JAK2
CHEMBL2971,CHEMBL6036273,10.89,Ki,0.013,nM,CHEMBL5736543,CHEMBL5728330,host,,,False,Tyrosine-protein kinase JAK2
CHEMBL2971,CHEMBL5997591,10.89,Ki,0.013,nM,CHEMBL5736543,CHEMBL5728330,host,,,False,Tyrosine-protein kinase JAK2
CHEMBL2971,CHEMBL5776613,10.89,Ki,0.013,nM,CHEMBL5736543,CHEMBL5728330,host,,,False,Tyrosine-protein kinase JAK2
CHEMBL2971,CHEMBL5979950,10.8,Ki,0.016,nM,CHEMBL5739226,CHEMBL5729682,host,,,False,Tyrosine-protein kinase JAK2
CHEMBL2971,CHEMBL5813467,10.8,Ki,0.016,nM,CHEMBL5739226,CHEMBL5729682,host,,,False,Tyrosine-protein kinase JAK2
CHEMBL2971,CHEMBL5956972,10.8,Ki,0.016,nM,CHEMBL5736056,CHEMBL5728111,host,,,False,Tyrosine-protein kinase JAK2
CHEMBL2971,CHEMBL5905186,10.8,Ki,0.016,nM,CHEMBL5739226,CHEMBL5729682,host,,,False,Tyrosine-protein kinase JAK2
CHEMBL2971,CHEMBL3652404,10.78,IC50,0.0165,nM,CHEMBL3707948,CHEMBL3639159,host,,,False,Tyrosine-protein kinase JAK2
CHEMBL2971,CHEMBL3665202,10.76,IC50,0.0172,nM,CHEMBL3707646,CHEMBL3638973,host,,,False,Tyrosine-protein kinase JAK2
CHEMBL235,CHEMBL1813011,10.74,EC50,0.018,nM,CHEMBL1815137,CHEMBL1811848,host,,,False,Peroxisome proliferator-activated receptor gamma
CHEMBL2971,CHEMBL3665129,10.72,IC50,0.0191,nM,CHEMBL3707646,CHEMBL3638973,host,,,False,Tyrosine-protein kinase JAK2
CHEMBL2971,CHEMBL3665180,10.71,IC50,0.0196,nM,CHEMBL3707646,CHEMBL3638973,host,,,False,Tyrosine-protein kinase JAK2
CHEMBL2971,CHEMBL3652402,10.7,IC50,0.0199,nM,CHEMBL3707948,CHEMBL3639159,host,,,False,Tyrosine-protein kinase JAK2
CHEMBL2971,CHEMBL5993958,10.7,Ki,0.02,nM,CHEMBL5739226,CHEMBL5729682,host,,,False,Tyrosine-protein kinase JAK2
CHEMBL2971,CHEMBL5851343,10.7,Ki,0.02,nM,CHEMBL5736056,CHEMBL5728111,host,,,False,Tyrosine-protein kinase JAK2
CHEMBL2971,CHEMBL5791141,10.7,Ki,0.02,nM,CHEMBL5739393,CHEMBL5729740,host,,,False,Tyrosine-protein kinase JAK2
CHEMBL2971,CHEMBL3665176,10.7,IC50,0.0201,nM,CHEMBL3707646,CHEMBL3638973,host,,,False,Tyrosine-protein kinase JAK2
CHEMBL2971,CHEMBL6064118,10.7,Ki,0.02,nM,CHEMBL5739226,CHEMBL5729682,host,,,False,Tyrosine-protein kinase JAK2
CHEMBL2971,CHEMBL3665131,10.68,IC50,0.0209,nM,CHEMBL3707646,CHEMBL3638973,host,,,False,Tyrosine-protein kinase JAK2
CHEMBL2971,CHEMBL5090416,10.66,Kd,0.022,nM,CHEMBL5050121,CHEMBL5046306,host,,,False,Tyrosine-protein kinase JAK2
CHEMBL2971,CHEMBL3665199,10.66,IC50,0.0221,nM,CHEMBL3707646,CHEMBL3638973,host,,,False,Tyrosine-protein kinase JAK2
CHEMBL2971,CHEMBL3665123,10.64,IC50,0.0228,nM,CHEMBL3707646,CHEMBL3638973,host,,,False,Tyrosine-protein kinase JAK2
CHEMBL2971,CHEMBL3335690,10.61,IC50,0.0245,nM,CHEMBL3707646,CHEMBL3638973,host,,,False,Tyrosine-protein kinase JAK2
CHEMBL2971,CHEMBL5744137,10.6,Ki,0.025,nM,CHEMBL5736056,CHEMBL5728111,host,,,False,Tyrosine-protein kinase JAK2
CHEMBL2971,CHEMBL5828027,10.6,Ki,0.025,nM,CHEMBL5736543,CHEMBL5728330,host,,,False,Tyrosine-protein kinase JAK2
CHEMBL2971,CHEMBL5792137,10.6,Ki,0.025,nM,CHEMBL5736121,CHEMBL5728122,host,,,False,Tyrosine-protein kinase JAK2
CHEMBL2971,CHEMBL3665127,10.56,IC50,0.0276,nM,CHEMBL3707646,CHEMBL3638973,host,,,False,Tyrosine-protein kinase JAK2
CHEMBL2971,CHEMBL3665188,10.53,IC50,0.0293,nM,CHEMBL3707646,CHEMBL3638973,host,,,False,Tyrosine-protein kinase JAK2
CHEMBL2971,CHEMBL3665119,10.53,IC50,0.0292,nM,CHEMBL3707646,CHEMBL3638973,host,,,False,Tyrosine-protein kinase JAK2
CHEMBL2971,CHEMBL3665122,10.53,IC50,0.0296,nM,CHEMBL3707646,CHEMBL3638973,host,,,False,Tyrosine-protein kinase JAK2
CHEMBL2971,CHEMBL5879480,10.52,Ki,0.03,nM,CHEMBL5737429,CHEMBL5728773,host,,,False,Tyrosine-protein kinase JAK2
CHEMBL2971,CHEMBL5957273,10.52,Ki,0.03,nM,CHEMBL5734706,CHEMBL5727458,host,,,False,Tyrosine-protein kinase JAK2
CHEMBL2971,CHEMBL5948963,10.52,Ki,0.03,nM,CHEMBL5734865,CHEMBL5727541,host,,,False,Tyrosine-protein kinase JAK2
CHEMBL2971,CHEMBL5957755,10.52,IC50,0.03,nM,CHEMBL5738120,CHEMBL5729126,host,,,False,Tyrosine-protein kinase JAK2
CHEMBL2971,CHEMBL5775383,10.52,Ki,0.03,nM,CHEMBL5737872,CHEMBL5728992,host,,,False,Tyrosine-protein kinase JAK2
CHEMBL2971,CHEMBL5783241,10.52,Ki,0.03,nM,CHEMBL5738497,CHEMBL5729333,host,,,False,Tyrosine-protein kinase JAK2
CHEMBL2971,CHEMBL5984979,10.52,Ki,0.03,nM,CHEMBL5732859,CHEMBL5726526,host,,,False,Tyrosine-protein kinase JAK2
CHEMBL2971,CHEMBL5952598,10.52,Ki,0.03,nM,CHEMBL5739393,CHEMBL5729740,host,,,False,Tyrosine-protein kinase JAK2
CHEMBL1825,CHEMBL3640299,10.52,Ki,0.03,nM,CHEMBL3705047,CHEMBL3638881,host,,,False,Tumor necrosis factor
CHEMBL1825,CHEMBL3642435,10.52,Ki,0.03,nM,CHEMBL3705047,CHEMBL3638881,host,,,False,Tumor necrosis factor
CHEMBL321,CHEMBL2064547,10.52,IC50,0.03,nM,CHEMBL2066798,CHEMBL2062426,host,,,False,Matrix metalloproteinase-9
CHEMBL2971,CHEMBL5819815,10.52,Ki,0.03,nM,CHEMBL5739393,CHEMBL5729740,host,,,False,Tyrosine-protein kinase JAK2
CHEMBL2971,CHEMBL5894302,10.52,Ki,0.03,nM,CHEMBL5737872,CHEMBL5728992,host,,,False,Tyrosine-protein kinase JAK2
CHEMBL2971,CHEMBL5836552,10.52,Ki,0.03,nM,CHEMBL5737429,CHEMBL5728773,host,,,False,Tyrosine-protein kinase JAK2
CHEMBL2971,CHEMBL6064937,10.52,Ki,0.03,nM,CHEMBL5734706,CHEMBL5727458,host,,,False,Tyrosine-protein kinase JAK2
CHEMBL321,CHEMBL75094,10.52,Ki,0.03,nM,CHEMBL5232269,CHEMBL5230143,host,PRINOMASTAT,3.0,False,Matrix metalloproteinase-9
CHEMBL2971,CHEMBL5970510,10.49,Ki,0.032,nM,CHEMBL5736543,CHEMBL5728330,host,,,False,Tyrosine-protein kinase JAK2
CHEMBL2971,CHEMBL4802163,10.49,Ki,0.032,nM,CHEMBL5736121,CHEMBL5728122,host,NEZULCITINIB,2.0,False,Tyrosine-protein kinase JAK2
CHEMBL2971,CHEMBL5881510,10.49,Ki,0.032,nM,CHEMBL5736056,CHEMBL5728111,host,,,False,Tyrosine-protein kinase JAK2
CHEMBL2971,CHEMBL5753964,10.49,Ki,0.032,nM,CHEMBL5736056,CHEMBL5728111,host,,,False,Tyrosine-protein kinase JAK2
CHEMBL2971,CHEMBL6062038,10.49,Ki,0.032,nM,CHEMBL5736121,CHEMBL5728122,host,,,False,Tyrosine-protein kinase JAK2
CHEMBL2971,CHEMBL3665222,10.48,IC50,0.0332,nM,CHEMBL3707646,CHEMBL3638973,host,,,False,Tyrosine-protein kinase JAK2
CHEMBL2971,CHEMBL5938092,10.47,Kd,0.034,nM,CHEMBL5736293,CHEMBL5728203,host,,,False,Tyrosine-protein kinase JAK2
CHEMBL235,CHEMBL3545280,10.42,EC50,0.038,nM,CHEMBL4158091,CHEMBL4152365,host,EFATUTAZONE,2.0,False,Peroxisome proliferator-activated receptor gamma
CHEMBL1649052,CHEMBL5426022,10.4,IC50,0.03981,nM,CHEMBL5369311,CHEMBL5365519,host,,,False,C-C motif chemokine 2
CHEMBL235,CHEMBL1813008,10.3,EC50,0.05,nM,CHEMBL1815137,CHEMBL1811848,host,,,False,Peroxisome proliferator-activated receptor gamma
CHEMBL235,CHEMBL434063,10.3,Ki,0.0497,nM,CHEMBL4018944,CHEMBL4017496,host,,,False,Peroxisome proliferator-activated receptor gamma
CHEMBL321,CHEMBL19611,10.3,IC50,0.05,nM,CHEMBL1920766,CHEMBL1914352,host,ILOMASTAT,2.0,False,Matrix metalloproteinase-9
CHEMBL321,CHEMBL2064549,10.3,IC50,0.05,nM,CHEMBL2066798,CHEMBL2062426,host,,,False,Matrix metalloproteinase-9
CHEMBL3301392,CHEMBL5418288,10.28,IC50,0.053,nM,CHEMBL5383676,CHEMBL5380830,host,,,False,JAK2/TYK2
CHEMBL1825,CHEMBL3640298,10.28,Ki,0.0521,nM,CHEMBL3705047,CHEMBL3638881,host,,,False,Tumor necrosis factor
CHEMBL1825,CHEMBL3640339,10.28,Ki,0.0524,nM,CHEMBL3705047,CHEMBL3638881,host,,,False,Tumor necrosis factor
CHEMBL1825,CHEMBL3640336,10.25,Ki,0.0556,nM,CHEMBL3705047,CHEMBL3638881,host,,,False,Tumor necrosis factor
CHEMBL1825,CHEMBL3642459,10.22,Ki,0.06,nM,CHEMBL3705047,CHEMBL3638881,host,,,False,Tumor necrosis factor
CHEMBL321,CHEMBL61193,10.22,Ki,0.06,nM,CHEMBL710813,CHEMBL1144950,host,,,False,Matrix metalloproteinase-9
CHEMBL321,CHEMBL2064548,10.22,IC50,0.06,nM,CHEMBL2066798,CHEMBL2062426,host,,,False,Matrix metalloproteinase-9
CHEMBL235,CHEMBL3678131,10.22,IC50,0.06,nM,CHEMBL3706350,CHEMBL3638934,host,,,False,Peroxisome proliferator-activated receptor gamma
CHEMBL1825,CHEMBL3640352,10.2,Ki,0.0627,nM,CHEMBL3705047,CHEMBL3638881,host,,,False,Tumor necrosis factor
CHEMBL1825,CHEMBL3642501,10.2,Ki,0.063,nM,CHEMBL3705047,CHEMBL3638881,host,,,False,Tumor necrosis factor
CHEMBL1825,CHEMBL3640337,10.19,Ki,0.0651,nM,CHEMBL3705047,CHEMBL3638881,host,,,False,Tumor necrosis factor
CHEMBL321,CHEMBL2425941,10.15,IC50,0.07,nM,CHEMBL2429399,CHEMBL2424572,host,,,False,Matrix metalloproteinase-9
CHEMBL321,CHEMBL2425947,10.15,IC50,0.07,nM,CHEMBL2429399,CHEMBL2424572,host,,,False,Matrix metalloproteinase-9
CHEMBL1825,CHEMBL3642496,10.14,Ki,0.072,nM,CHEMBL3705047,CHEMBL3638881,host,,,False,Tumor necrosis factor
CHEMBL1825,CHEMBL1288000,10.13,Ki,0.074,nM,CHEMBL3705047,CHEMBL3638881,host,,,False,Tumor necrosis factor
CHEMBL1825,CHEMBL3640370,10.12,Ki,0.0762,nM,CHEMBL3705047,CHEMBL3638881,host,,,False,Tumor necrosis factor
CHEMBL1825,CHEMBL3640366,10.11,Ki,0.0781,nM,CHEMBL3705047,CHEMBL3638881,host,,,False,Tumor necrosis factor
CHEMBL1825,CHEMBL3640367,10.11,Ki,0.077,nM,CHEMBL3705047,CHEMBL3638881,host,,,False,Tumor necrosis factor
CHEMBL321,CHEMBL189690,10.1,Ki,0.07943,nM,CHEMBL835394,CHEMBL1141157,host,,,False,Matrix metalloproteinase-9
CHEMBL3301392,CHEMBL5420928,10.1,IC50,0.08,nM,CHEMBL5383632,CHEMBL5380830,host,,,False,JAK2/TYK2
CHEMBL321,CHEMBL355797,10.1,Ki,0.08,nM,CHEMBL710806,CHEMBL1135723,host,,,False,Matrix metalloproteinase-9
CHEMBL1825,CHEMBL3640368,10.08,Ki,0.0826,nM,CHEMBL3705047,CHEMBL3638881,host,,,False,Tumor necrosis factor
CHEMBL1825,CHEMBL3642511,10.08,Ki,0.083,nM,CHEMBL3705047,CHEMBL3638881,host,,,False,Tumor necrosis factor
CHEMBL321,CHEMBL75164,10.04,IC50,0.092,nM,CHEMBL715231,CHEMBL1135750,host,,,False,Matrix metalloproteinase-9
CHEMBL321,CHEMBL5270698,10.04,IC50,0.092,nM,CHEMBL5234288,CHEMBL5233239,host,,,False,Matrix metalloproteinase-9
CHEMBL1825,CHEMBL3642499,10.03,Ki,0.093,nM,CHEMBL3705047,CHEMBL3638881,host,,,False,Tumor necrosis factor
CHEMBL1825,CHEMBL3642508,10.03,Ki,0.093,nM,CHEMBL3705047,CHEMBL3638881,host,,,False,Tumor necrosis factor
CHEMBL321,CHEMBL56837,10.01,Ki,0.097,nM,CHEMBL710803,CHEMBL1149139,host,,,False,Matrix metalloproteinase-9
CHEMBL1825,CHEMBL1288726,10.01,Ki,0.0988,nM,CHEMBL3705047,CHEMBL3638881,host,,,False,Tumor necrosis factor
CHEMBL1825,CHEMBL3640351,10.01,Ki,0.0973,nM,CHEMBL3705047,CHEMBL3638881,host,,,False,Tumor necrosis factor
CHEMBL235,CHEMBL3695832,10.0,IC50,0.1,nM,CHEMBL3706273,CHEMBL3638687,host,,,False,Peroxisome proliferator-activated receptor gamma
CHEMBL235,CHEMBL3317860,10.0,Kd,0.1,nM,CHEMBL3369563,CHEMBL3351353,host,,,False,Peroxisome proliferator-activated receptor gamma
CHEMBL1825,CHEMBL3642518,10.0,Ki,0.1,nM,CHEMBL3705047,CHEMBL3638881,host,,,False,Tumor necrosis factor
CHEMBL321,CHEMBL1801396,10.0,IC50,0.1,nM,CHEMBL1806088,CHEMBL1800055,host,,,False,Matrix metalloproteinase-9
CHEMBL321,CHEMBL425316,10.0,Ki,0.1,nM,CHEMBL710806,CHEMBL1135723,host,,,False,Matrix metalloproteinase-9
CHEMBL235,CHEMBL2282517,10.0,EC50,0.1,nM,CHEMBL3077606,CHEMBL3046028,host,,,False,Peroxisome proliferator-activated receptor gamma
CHEMBL321,CHEMBL190621,10.0,Ki,0.1,nM,CHEMBL835394,CHEMBL1141157,host,,,False,Matrix metalloproteinase-9
CHEMBL321,CHEMBL1800089,10.0,IC50,0.1,nM,CHEMBL1806088,CHEMBL1800055,host,,,False,Matrix metalloproteinase-9
CHEMBL235,CHEMBL358379,10.0,EC50,0.1,nM,CHEMBL759143,CHEMBL1131423,host,,,False,Peroxisome proliferator-activated receptor gamma
CHEMBL235,CHEMBL230814,10.0,EC50,0.1,nM,CHEMBL906214,CHEMBL1143807,host,,,False,Peroxisome proliferator-activated receptor gamma
CHEMBL332,CHEMBL526566,10.0,EC50,0.1,nM,CHEMBL1002261,CHEMBL1156642,host,,,False,Interstitial collagenase
CHEMBL332,CHEMBL281795,10.0,Ki,0.1,nM,CHEMBL708145,CHEMBL1150007,host,,,False,Interstitial collagenase
CHEMBL321,CHEMBL1801394,10.0,IC50,0.1,nM,CHEMBL1806088,CHEMBL1800055,host,,,False,Matrix metalloproteinase-9
CHEMBL235,CHEMBL3317867,9.96,Kd,0.11,nM,CHEMBL3369563,CHEMBL3351353,host,,,False,Peroxisome proliferator-activated receptor gamma
CHEMBL321,CHEMBL440498,9.96,IC50,0.11,nM,CHEMBL3373434,CHEMBL3352418,host,CTS-1027,2.0,False,Matrix metalloproteinase-9
CHEMBL1825,CHEMBL3642528,9.96,Ki,0.11,nM,CHEMBL3705047,CHEMBL3638881,host,,,False,Tumor necrosis factor
CHEMBL1825,CHEMBL3642500,9.96,Ki,0.11,nM,CHEMBL3705047,CHEMBL3638881,host,,,False,Tumor necrosis factor
CHEMBL321,CHEMBL4797032,9.96,Ki,0.11,nM,CHEMBL4737894,CHEMBL4732204,host,,,False,Matrix metalloproteinase-9
CHEMBL1825,CHEMBL3640417,9.96,Ki,0.11,nM,CHEMBL3705047,CHEMBL3638881,host,,,False,Tumor necrosis factor
CHEMBL1825,CHEMBL3640353,9.94,Ki,0.115,nM,CHEMBL3705047,CHEMBL3638881,host,,,False,Tumor necrosis factor
CHEMBL1825,CHEMBL3642513,9.92,Ki,0.12,nM,CHEMBL3705047,CHEMBL3638881,host,,,False,Tumor necrosis factor
CHEMBL1825,CHEMBL3642514,9.92,Ki,0.12,nM,CHEMBL3705047,CHEMBL3638881,host,,,False,Tumor necrosis factor
CHEMBL1825,CHEMBL3642527,9.92,Ki,0.12,nM,CHEMBL3705047,CHEMBL3638881,host,,,False,Tumor necrosis factor
CHEMBL1825,CHEMBL3640402,9.92,Ki,0.12,nM,CHEMBL3705047,CHEMBL3638881,host,,,False,Tumor necrosis factor
CHEMBL4481,CHEMBL220632,9.92,IC50,0.12,nM,CHEMBL920402,CHEMBL1142952,host,,,False,"Nitric oxide synthase, inducible"
CHEMBL321,CHEMBL4535400,9.91,IC50,0.122,nM,CHEMBL4393186,CHEMBL4392837,host,,,False,Matrix metalloproteinase-9
CHEMBL235,CHEMBL147384,9.9,EC50,0.1259,nM,CHEMBL759143,CHEMBL1131423,host,,,False,Peroxisome proliferator-activated receptor gamma
CHEMBL4481,CHEMBL220880,9.89,IC50,0.13,nM,CHEMBL920402,CHEMBL1142952,host,,,False,"Nitric oxide synthase, inducible"
CHEMBL1825,CHEMBL3642509,9.89,Ki,0.13,nM,CHEMBL3705047,CHEMBL3638881,host,,,False,Tumor necrosis factor
CHEMBL321,CHEMBL417537,9.89,Ki,0.13,nM,CHEMBL718975,CHEMBL1131224,host,,,False,Matrix metalloproteinase-9
CHEMBL1825,CHEMBL3640401,9.89,Ki,0.13,nM,CHEMBL3705047,CHEMBL3638881,host,,,False,Tumor necrosis factor
CHEMBL321,CHEMBL16519,9.85,IC50,0.14,nM,CHEMBL712567,CHEMBL1130987,host,,,False,Matrix metalloproteinase-9
CHEMBL321,CHEMBL16554,9.85,IC50,0.14,nM,CHEMBL712567,CHEMBL1130987,host,,,False,Matrix metalloproteinase-9
CHEMBL321,CHEMBL1801430,9.82,IC50,0.15,nM,CHEMBL1806088,CHEMBL1800055,host,,,False,Matrix metalloproteinase-9
CHEMBL1825,CHEMBL3642457,9.82,Ki,0.15,nM,CHEMBL3705047,CHEMBL3638881,host,,,False,Tumor necrosis factor
CHEMBL1825,CHEMBL3642502,9.82,Ki,0.15,nM,CHEMBL3705047,CHEMBL3638881,host,,,False,Tumor necrosis factor
CHEMBL1825,CHEMBL3642447,9.82,Ki,0.15,nM,CHEMBL3705047,CHEMBL3638881,host,,,False,Tumor necrosis factor
CHEMBL235,CHEMBL5191837,9.8,IC50,0.16,nM,CHEMBL5113063,CHEMBL5108082,host,,,False,Peroxisome proliferator-activated receptor gamma
CHEMBL1825,CHEMBL3642476,9.8,Ki,0.16,nM,CHEMBL3705047,CHEMBL3638881,host,,,False,Tumor necrosis factor
CHEMBL1825,CHEMBL3642442,9.8,Ki,0.16,nM,CHEMBL3705047,CHEMBL3638881,host,,,False,Tumor necrosis factor
CHEMBL1825,CHEMBL3642490,9.8,Ki,0.16,nM,CHEMBL3705047,CHEMBL3638881,host,,,False,Tumor necrosis factor
CHEMBL1825,CHEMBL3642491,9.8,Ki,0.16,nM,CHEMBL3705047,CHEMBL3638881,host,,,False,Tumor necrosis factor
CHEMBL235,CHEMBL5207130,9.77,IC50,0.17,nM,CHEMBL5113063,CHEMBL5108082,host,,,False,Peroxisome proliferator-activated receptor gamma
CHEMBL235,CHEMBL594625,9.77,Ki,0.17,nM,CHEMBL4018944,CHEMBL4017496,host,,,False,Peroxisome proliferator-activated receptor gamma
CHEMBL1825,CHEMBL3642463,9.77,Ki,0.17,nM,CHEMBL3705047,CHEMBL3638881,host,,,False,Tumor necrosis factor
CHEMBL1825,CHEMBL3640408,9.77,Ki,0.17,nM,CHEMBL3705047,CHEMBL3638881,host,,,False,Tumor necrosis factor
CHEMBL1825,CHEMBL3642485,9.77,Ki,0.17,nM,CHEMBL3705047,CHEMBL3638881,host,,,False,Tumor necrosis factor
CHEMBL1825,CHEMBL3642512,9.77,Ki,0.17,nM,CHEMBL3705047,CHEMBL3638881,host,,,False,Tumor necrosis factor
CHEMBL1825,CHEMBL3640406,9.74,Ki,0.18,nM,CHEMBL3705047,CHEMBL3638881,host,,,False,Tumor necrosis factor
CHEMBL1825,CHEMBL3642495,9.74,Ki,0.18,nM,CHEMBL3705047,CHEMBL3638881,host,,,False,Tumor necrosis factor
CHEMBL1825,CHEMBL3642517,9.74,Ki,0.18,nM,CHEMBL3705047,CHEMBL3638881,host,,,False,Tumor necrosis factor
CHEMBL1825,CHEMBL3640391,9.74,Ki,0.18,nM,CHEMBL3705047,CHEMBL3638881,host,,,False,Tumor necrosis factor
CHEMBL321,CHEMBL1771212,9.74,IC50,0.18,nM,CHEMBL1806088,CHEMBL1800055,host,,,False,Matrix metalloproteinase-9
CHEMBL1825,CHEMBL3642488,9.74,Ki,0.18,nM,CHEMBL3705047,CHEMBL3638881,host,,,False,Tumor necrosis factor
CHEMBL321,CHEMBL1801398,9.74,IC50,0.18,nM,CHEMBL1806088,CHEMBL1800055,host,,,False,Matrix metalloproteinase-9
CHEMBL1825,CHEMBL3640386,9.72,Ki,0.19,nM,CHEMBL3705047,CHEMBL3638881,host,,,False,Tumor necrosis factor
CHEMBL235,CHEMBL230705,9.72,EC50,0.19,nM,CHEMBL906214,CHEMBL1143807,host,,,False,Peroxisome proliferator-activated receptor gamma
CHEMBL1825,CHEMBL3640431,9.72,Ki,0.19,nM,CHEMBL3705047,CHEMBL3638881,host,,,False,Tumor necrosis factor
CHEMBL1825,CHEMBL3642505,9.72,Ki,0.19,nM,CHEMBL3705047,CHEMBL3638881,host,,,False,Tumor necrosis factor
CHEMBL321,CHEMBL2425944,9.7,IC50,0.2,nM,CHEMBL2429399,CHEMBL2424572,host,,,False,Matrix metalloproteinase-9
CHEMBL321,CHEMBL105311,9.7,IC50,0.2,nM,CHEMBL712561,CHEMBL1134591,host,,,False,Matrix metalloproteinase-9
CHEMBL321,CHEMBL47728,9.7,IC50,0.2,nM,CHEMBL712040,CHEMBL1132530,host,,,False,Matrix metalloproteinase-9
CHEMBL321,CHEMBL1801052,9.7,IC50,0.2,nM,CHEMBL1806088,CHEMBL1800055,host,,,False,Matrix metalloproteinase-9
CHEMBL321,CHEMBL433426,9.7,IC50,0.2,nM,CHEMBL710584,CHEMBL1131323,host,,,False,Matrix metalloproteinase-9
CHEMBL321,CHEMBL1916212,9.7,IC50,0.2,nM,CHEMBL1918905,CHEMBL1914289,host,,,False,Matrix metalloproteinase-9
CHEMBL321,CHEMBL5283673,9.7,IC50,0.2,nM,CHEMBL5234271,CHEMBL5233239,host,,,False,Matrix metalloproteinase-9
CHEMBL235,CHEMBL3678134,9.7,IC50,0.2,nM,CHEMBL3706350,CHEMBL3638934,host,,,False,Peroxisome proliferator-activated receptor gamma
CHEMBL321,CHEMBL2425943,9.7,IC50,0.2,nM,CHEMBL2429399,CHEMBL2424572,host,,,False,Matrix metalloproteinase-9
CHEMBL235,CHEMBL410478,9.7,EC50,0.2,nM,CHEMBL831812,CHEMBL1137204,host,,,False,Peroxisome proliferator-activated receptor gamma
CHEMBL235,CHEMBL3678128,9.7,IC50,0.2,nM,CHEMBL3706350,CHEMBL3638934,host,,,False,Peroxisome proliferator-activated receptor gamma
CHEMBL321,CHEMBL1801431,9.7,IC50,0.2,nM,CHEMBL1806088,CHEMBL1800055,host,,,False,Matrix metalloproteinase-9
CHEMBL4481,CHEMBL1093059,9.7,IC50,0.2,nM,CHEMBL827657,CHEMBL1143551,host,BARDOXOLONE,2.0,False,"Nitric oxide synthase, inducible"
CHEMBL321,CHEMBL102785,9.7,IC50,0.2,nM,CHEMBL712561,CHEMBL1134591,host,,,False,Matrix metalloproteinase-9
CHEMBL321,CHEMBL279786,9.7,IC50,0.2,nM,CHEMBL710584,CHEMBL1131323,host,BATIMASTAT,2.0,False,Matrix metalloproteinase-9
CHEMBL321,CHEMBL1801412,9.7,IC50,0.2,nM,CHEMBL1806088,CHEMBL1800055,host,,,False,Matrix metalloproteinase-9
CHEMBL321,CHEMBL296761,9.7,IC50,0.2,nM,CHEMBL712040,CHEMBL1132530,host,,,False,Matrix metalloproteinase-9
CHEMBL321,CHEMBL106016,9.7,IC50,0.2,nM,CHEMBL712561,CHEMBL1134591,host,,,False,Matrix metalloproteinase-9
CHEMBL321,CHEMBL102798,9.7,IC50,0.2,nM,CHEMBL712561,CHEMBL1134591,host,,,False,Matrix metalloproteinase-9
CHEMBL321,CHEMBL102438,9.7,IC50,0.2,nM,CHEMBL712561,CHEMBL1134591,host,,,False,Matrix metalloproteinase-9
CHEMBL321,CHEMBL102504,9.7,IC50,0.2,nM,CHEMBL712561,CHEMBL1134591,host,,,False,Matrix metalloproteinase-9
CHEMBL321,CHEMBL5285908,9.7,IC50,0.2,nM,CHEMBL5234269,CHEMBL5233239,host,,,False,Matrix metalloproteinase-9
CHEMBL332,CHEMBL19611,9.7,IC50,0.2,nM,CHEMBL1920768,CHEMBL1914352,host,ILOMASTAT,2.0,False,Interstitial collagenase
CHEMBL321,CHEMBL1801417,9.68,IC50,0.21,nM,CHEMBL1806088,CHEMBL1800055,host,,,False,Matrix metalloproteinase-9
CHEMBL321,CHEMBL1916211,9.68,IC50,0.21,nM,CHEMBL1918905,CHEMBL1914289,host,,,False,Matrix metalloproteinase-9
CHEMBL321,CHEMBL471537,9.68,IC50,0.21,nM,CHEMBL1010051,CHEMBL1151743,host,,,False,Matrix metalloproteinase-9
CHEMBL235,CHEMBL5187164,9.66,IC50,0.22,nM,CHEMBL5113063,CHEMBL5108082,host,,,False,Peroxisome proliferator-activated receptor gamma
CHEMBL321,CHEMBL1916210,9.66,IC50,0.22,nM,CHEMBL1918905,CHEMBL1914289,host,,,False,Matrix metalloproteinase-9
CHEMBL235,CHEMBL5179281,9.64,IC50,0.23,nM,CHEMBL5113063,CHEMBL5108082,host,,,False,Peroxisome proliferator-activated receptor gamma
CHEMBL4481,CHEMBL385324,9.62,IC50,0.24,nM,CHEMBL920402,CHEMBL1142952,host,,,False,"Nitric oxide synthase, inducible"
CHEMBL235,CHEMBL147095,9.61,EC50,0.2455,nM,CHEMBL759143,CHEMBL1131423,host,,,False,Peroxisome proliferator-activated receptor gamma
CHEMBL1649052,CHEMBL5422047,9.6,IC50,0.2512,nM,CHEMBL5369311,CHEMBL5365519,host,,,False,C-C motif chemokine 2
CHEMBL235,CHEMBL5206512,9.6,IC50,0.25,nM,CHEMBL5113063,CHEMBL5108082,host,,,False,Peroxisome proliferator-activated receptor gamma
CHEMBL332,CHEMBL321180,9.59,IC50,0.26,nM,CHEMBL710596,CHEMBL1130676,host,,,False,Interstitial collagenase
CHEMBL4481,CHEMBL385325,9.55,IC50,0.28,nM,CHEMBL920402,CHEMBL1142952,host,,,False,"Nitric oxide synthase, inducible"
CHEMBL235,CHEMBL2112870,9.55,EC50,0.2818,nM,CHEMBL758986,CHEMBL1131297,host,,,False,Peroxisome proliferator-activated receptor gamma
CHEMBL4481,CHEMBL376733,9.55,IC50,0.28,nM,CHEMBL920402,CHEMBL1142952,host,,,False,"Nitric oxide synthase, inducible"
CHEMBL4481,CHEMBL376632,9.54,IC50,0.29,nM,CHEMBL920402,CHEMBL1142952,host,,,False,"Nitric oxide synthase, inducible"
CHEMBL235,CHEMBL5207464,9.54,IC50,0.29,nM,CHEMBL5113063,CHEMBL5108082,host,,,False,Peroxisome proliferator-activated receptor gamma
CHEMBL235,CHEMBL3678133,9.52,IC50,0.3,nM,CHEMBL3706350,CHEMBL3638934,host,,,False,Peroxisome proliferator-activated receptor gamma
CHEMBL235,CHEMBL388645,9.52,EC50,0.3,nM,CHEMBL906214,CHEMBL1143807,host,,,False,Peroxisome proliferator-activated receptor gamma
CHEMBL235,CHEMBL147770,9.52,EC50,0.302,nM,CHEMBL758986,CHEMBL1131297,host,,,False,Peroxisome proliferator-activated receptor gamma
CHEMBL332,CHEMBL115653,9.52,Ki,0.3,nM,CHEMBL870696,CHEMBL1147690,host,CIPEMASTAT,2.0,False,Interstitial collagenase
CHEMBL3301392,CHEMBL5413489,9.52,IC50,0.3,nM,CHEMBL5383632,CHEMBL5380830,host,,,False,JAK2/TYK2
CHEMBL332,CHEMBL279078,9.52,IC50,0.3,nM,CHEMBL715364,CHEMBL1131323,host,,,False,Interstitial collagenase
CHEMBL235,CHEMBL230707,9.51,EC50,0.31,nM,CHEMBL906214,CHEMBL1143807,host,,,False,Peroxisome proliferator-activated receptor gamma
CHEMBL235,CHEMBL5204936,9.49,IC50,0.32,nM,CHEMBL5113063,CHEMBL5108082,host,,,False,Peroxisome proliferator-activated receptor gamma
CHEMBL235,CHEMBL107367,9.47,EC50,0.3388,nM,CHEMBL1119540,CHEMBL1155484,host,FARGLITAZAR,2.0,False,Peroxisome proliferator-activated receptor gamma
CHEMBL235,CHEMBL2282523,9.47,EC50,0.3388,nM,CHEMBL3077606,CHEMBL3046028,host,,,False,Peroxisome proliferator-activated receptor gamma
CHEMBL235,CHEMBL230706,9.44,EC50,0.36,nM,CHEMBL906214,CHEMBL1143807,host,,,False,Peroxisome proliferator-activated receptor gamma
CHEMBL235,CHEMBL602468,9.43,IC50,0.37,nM,CHEMBL3738479,CHEMBL3734690,host,,,False,Peroxisome proliferator-activated receptor gamma
CHEMBL4481,CHEMBL290548,9.42,IC50,0.38,nM,CHEMBL920402,CHEMBL1142952,host,,,False,"Nitric oxide synthase, inducible"
CHEMBL235,CHEMBL3585575,9.42,EC50,0.38,nM,CHEMBL3587211,CHEMBL3585309,host,,,False,Peroxisome proliferator-activated receptor gamma
CHEMBL3301392,CHEMBL5440264,9.4,IC50,0.4,nM,CHEMBL5383632,CHEMBL5380830,host,,,False,JAK2/TYK2
CHEMBL235,CHEMBL3317863,9.4,Kd,0.4,nM,CHEMBL3369563,CHEMBL3351353,host,,,False,Peroxisome proliferator-activated receptor gamma
CHEMBL235,CHEMBL65805,9.4,Ki,0.4,nM,CHEMBL762535,CHEMBL1151554,host,,,False,Peroxisome proliferator-activated receptor gamma
CHEMBL235,CHEMBL422088,9.4,EC50,0.4,nM,CHEMBL656170,CHEMBL1136440,host,,,False,Peroxisome proliferator-activated receptor gamma
CHEMBL332,CHEMBL141080,9.4,IC50,0.4,nM,CHEMBL715366,CHEMBL1132690,host,,,False,Interstitial collagenase
CHEMBL332,CHEMBL4088630,9.4,IC50,0.4,nM,CHEMBL4037092,CHEMBL4033775,host,,,False,Interstitial collagenase
CHEMBL1909490,CHEMBL5414596,9.4,IC50,0.4,nM,CHEMBL5737706,CHEMBL5728895,host,,,False,Interleukin-1 beta
CHEMBL1909490,CHEMBL5426651,9.4,IC50,0.4,nM,CHEMBL5737706,CHEMBL5728895,host,,,False,Interleukin-1 beta
CHEMBL332,CHEMBL279786,9.4,IC50,0.4,nM,CHEMBL715364,CHEMBL1131323,host,BATIMASTAT,2.0,False,Interstitial collagenase
CHEMBL235,CHEMBL3317865,9.39,Kd,0.41,nM,CHEMBL3369563,CHEMBL3351353,host,,,False,Peroxisome proliferator-activated receptor gamma
CHEMBL235,CHEMBL4776913,9.39,EC50,0.41,nM,CHEMBL4715114,CHEMBL4706751,host,,,False,Peroxisome proliferator-activated receptor gamma
CHEMBL235,CHEMBL4752243,9.37,Ki,0.43,nM,CHEMBL4667654,CHEMBL4665657,host,,,False,Peroxisome proliferator-activated receptor gamma
CHEMBL235,CHEMBL148300,9.37,EC50,0.4266,nM,CHEMBL758982,CHEMBL1131297,host,,,False,Peroxisome proliferator-activated receptor gamma
CHEMBL1909490,CHEMBL3989927,9.34,IC50,0.46,nM,CHEMBL5730493,CHEMBL5725295,host,IBERDOMIDE,3.0,False,Interleukin-1 beta
CHEMBL4481,CHEMBL427062,9.32,IC50,0.48,nM,CHEMBL920402,CHEMBL1142952,host,,,False,"Nitric oxide synthase, inducible"
CHEMBL4481,CHEMBL373623,9.32,IC50,0.48,nM,CHEMBL920402,CHEMBL1142952,host,,,False,"Nitric oxide synthase, inducible"
CHEMBL4481,CHEMBL223788,9.31,IC50,0.49,nM,CHEMBL920402,CHEMBL1142952,host,,,False,"Nitric oxide synthase, inducible"
CHEMBL2095216,CHEMBL74670,9.3,IC50,0.5,nM,CHEMBL662797,CHEMBL1130523,host,,,False,Collagenase
CHEMBL332,CHEMBL139886,9.3,IC50,0.5,nM,CHEMBL715366,CHEMBL1132690,host,,,False,Interstitial collagenase
CHEMBL235,CHEMBL3695782,9.3,IC50,0.5,nM,CHEMBL3706273,CHEMBL3638687,host,,,False,Peroxisome proliferator-activated receptor gamma
CHEMBL235,CHEMBL318696,9.3,EC50,0.5,nM,CHEMBL760857,CHEMBL1133842,host,,,False,Peroxisome proliferator-activated receptor gamma
CHEMBL235,CHEMBL1821836,9.3,EC50,0.5012,nM,CHEMBL1825566,CHEMBL1821577,host,,,False,Peroxisome proliferator-activated receptor gamma
CHEMBL235,CHEMBL3695780,9.3,IC50,0.5,nM,CHEMBL3706273,CHEMBL3638687,host,,,False,Peroxisome proliferator-activated receptor gamma
CHEMBL4481,CHEMBL385334,9.3,IC50,0.5,nM,CHEMBL920402,CHEMBL1142952,host,,,False,"Nitric oxide synthase, inducible"
CHEMBL4481,CHEMBL442041,9.3,IC50,0.5,nM,CHEMBL920402,CHEMBL1142952,host,,,False,"Nitric oxide synthase, inducible"
CHEMBL4481,CHEMBL376713,9.3,IC50,0.5,nM,CHEMBL920402,CHEMBL1142952,host,,,False,"Nitric oxide synthase, inducible"
CHEMBL235,CHEMBL1825128,9.3,EC50,0.5012,nM,CHEMBL1825566,CHEMBL1821577,host,,,False,Peroxisome proliferator-activated receptor gamma
CHEMBL4481,CHEMBL220932,9.3,IC50,0.5,nM,CHEMBL920402,CHEMBL1142952,host,,,False,"Nitric oxide synthase, inducible"
CHEMBL4481,CHEMBL221208,9.28,IC50,0.52,nM,CHEMBL920402,CHEMBL1142952,host,,,False,"Nitric oxide synthase, inducible"
CHEMBL235,CHEMBL3695787,9.27,IC50,0.54,nM,CHEMBL3706273,CHEMBL3638687,host,,,False,Peroxisome proliferator-activated receptor gamma
CHEMBL235,CHEMBL389297,9.27,EC50,0.54,nM,CHEMBL906214,CHEMBL1143807,host,,,False,Peroxisome proliferator-activated receptor gamma
CHEMBL235,CHEMBL231523,9.26,EC50,0.55,nM,CHEMBL906214,CHEMBL1143807,host,,,False,Peroxisome proliferator-activated receptor gamma
CHEMBL4481,CHEMBL411343,9.26,IC50,0.55,nM,CHEMBL920402,CHEMBL1142952,host,,,False,"Nitric oxide synthase, inducible"
CHEMBL4481,CHEMBL424928,9.24,IC50,0.58,nM,CHEMBL920402,CHEMBL1142952,host,,,False,"Nitric oxide synthase, inducible"
CHEMBL1909490,CHEMBL5992744,9.22,IC50,0.6,nM,CHEMBL5737706,CHEMBL5728895,host,,,False,Interleukin-1 beta
CHEMBL332,CHEMBL353382,9.22,Ki,0.6,nM,CHEMBL709107,CHEMBL1130781,host,,,False,Interstitial collagenase
CHEMBL332,CHEMBL433314,9.22,Ki,0.6,nM,CHEMBL718063,CHEMBL1135424,host,,,False,Interstitial collagenase
CHEMBL4481,CHEMBL223782,9.17,IC50,0.67,nM,CHEMBL920402,CHEMBL1142952,host,,,False,"Nitric oxide synthase, inducible"
CHEMBL332,CHEMBL279785,9.15,Ki,0.7,nM,CHEMBL718063,CHEMBL1135424,host,MARIMASTAT,3.0,False,Interstitial collagenase
CHEMBL332,CHEMBL208181,9.15,Ki,0.7,nM,CHEMBL870696,CHEMBL1147690,host,,,False,Interstitial collagenase
CHEMBL1909490,CHEMBL5774519,9.15,IC50,0.7,nM,CHEMBL5737706,CHEMBL5728895,host,,,False,Interleukin-1 beta
CHEMBL4481,CHEMBL373881,9.15,IC50,0.7,nM,CHEMBL920402,CHEMBL1142952,host,,,False,"Nitric oxide synthase, inducible"
CHEMBL332,CHEMBL140511,9.15,IC50,0.7,nM,CHEMBL715366,CHEMBL1132690,host,,,False,Interstitial collagenase
CHEMBL332,CHEMBL382705,9.15,Ki,0.7,nM,CHEMBL870696,CHEMBL1147690,host,,,False,Interstitial collagenase
CHEMBL4481,CHEMBL222362,9.12,IC50,0.75,nM,CHEMBL920402,CHEMBL1142952,host,,,False,"Nitric oxide synthase, inducible"
CHEMBL1909490,CHEMBL5991941,9.1,IC50,0.8,nM,CHEMBL5737706,CHEMBL5728895,host,,,False,Interleukin-1 beta
CHEMBL332,CHEMBL526106,9.1,EC50,0.8,nM,CHEMBL1002261,CHEMBL1156642,host,,,False,Interstitial collagenase
CHEMBL4481,CHEMBL374681,9.1,IC50,0.8,nM,CHEMBL920402,CHEMBL1142952,host,,,False,"Nitric oxide synthase, inducible"
CHEMBL4481,CHEMBL223792,9.1,IC50,0.8,nM,CHEMBL920402,CHEMBL1142952,host,,,False,"Nitric oxide synthase, inducible"
CHEMBL1909490,CHEMBL5906571,9.1,IC50,0.8,nM,CHEMBL5737706,CHEMBL5728895,host,,,False,Interleukin-1 beta
CHEMBL1909490,CHEMBL5433380,9.1,IC50,0.8,nM,CHEMBL5737706,CHEMBL5728895,host,,,False,Interleukin-1 beta
CHEMBL332,CHEMBL140970,9.1,IC50,0.8,nM,CHEMBL715366,CHEMBL1132690,host,,,False,Interstitial collagenase
CHEMBL1909490,CHEMBL5797061,9.1,IC50,0.8,nM,CHEMBL5737706,CHEMBL5728895,host,,,False,Interleukin-1 beta
CHEMBL1909490,CHEMBL5910216,9.1,IC50,0.8,nM,CHEMBL5737706,CHEMBL5728895,host,,,False,Interleukin-1 beta
CHEMBL1909490,CHEMBL5949264,9.07,IC50,0.85,nM,CHEMBL5730493,CHEMBL5725295,host,,,False,Interleukin-1 beta
CHEMBL332,CHEMBL144611,9.06,IC50,0.88,nM,CHEMBL715380,CHEMBL1132484,host,,,False,Interstitial collagenase
CHEMBL332,CHEMBL417537,9.06,Ki,0.87,nM,CHEMBL717318,CHEMBL1131224,host,,,False,Interstitial collagenase
CHEMBL4481,CHEMBL374319,9.06,IC50,0.87,nM,CHEMBL920402,CHEMBL1142952,host,,,False,"Nitric oxide synthase, inducible"
CHEMBL1909490,CHEMBL5881090,9.05,IC50,0.9,nM,CHEMBL5737706,CHEMBL5728895,host,,,False,Interleukin-1 beta
CHEMBL4481,CHEMBL222364,9.03,IC50,0.93,nM,CHEMBL920402,CHEMBL1142952,host,,,False,"Nitric oxide synthase, inducible"
CHEMBL4481,CHEMBL223791,9.02,IC50,0.96,nM,CHEMBL920402,CHEMBL1142952,host,,,False,"Nitric oxide synthase, inducible"
CHEMBL332,CHEMBL172885,9.01,Ki,0.97,nM,CHEMBL718686,CHEMBL1135723,host,,,False,Interstitial collagenase
CHEMBL3301392,CHEMBL5420349,9.0,IC50,1.0,nM,CHEMBL5383676,CHEMBL5380830,host,,,False,JAK2/TYK2
CHEMBL4481,CHEMBL223384,9.0,IC50,1.0,nM,CHEMBL920402,CHEMBL1142952,host,,,False,"Nitric oxide synthase, inducible"
CHEMBL1909490,CHEMBL293979,9.0,Ki,1.0,nM,CHEMBL5543473,CHEMBL5543064,host,,,False,Interleukin-1 beta
CHEMBL1909490,CHEMBL299288,9.0,Ki,1.0,nM,CHEMBL5543473,CHEMBL5543064,host,,,False,Interleukin-1 beta
CHEMBL4481,CHEMBL374132,9.0,IC50,1.0,nM,CHEMBL920402,CHEMBL1142952,host,,,False,"Nitric oxide synthase, inducible"
CHEMBL4481,CHEMBL223634,9.0,IC50,1.0,nM,CHEMBL920402,CHEMBL1142952,host,,,False,"Nitric oxide synthase, inducible"
CHEMBL4481,CHEMBL375404,9.0,IC50,1.0,nM,CHEMBL920402,CHEMBL1142952,host,,,False,"Nitric oxide synthase, inducible"
CHEMBL4481,CHEMBL220834,9.0,IC50,1.0,nM,CHEMBL920402,CHEMBL1142952,host,,,False,"Nitric oxide synthase, inducible"
CHEMBL2095216,CHEMBL73763,9.0,IC50,1.0,nM,CHEMBL662797,CHEMBL1130523,host,,,False,Collagenase
CHEMBL332,CHEMBL337594,9.0,IC50,1.0,nM,CHEMBL715366,CHEMBL1132690,host,,,False,Interstitial collagenase
CHEMBL332,CHEMBL344633,9.0,IC50,1.0,nM,CHEMBL715366,CHEMBL1132690,host,,,False,Interstitial collagenase
CHEMBL332,CHEMBL72511,9.0,Ki,1.0,nM,CHEMBL870696,CHEMBL1147690,host,,,False,Interstitial collagenase
CHEMBL332,CHEMBL207776,9.0,IC50,1.0,nM,CHEMBL867736,CHEMBL1139018,host,,,False,Interstitial collagenase
CHEMBL332,CHEMBL30980,9.0,Ki,1.0,nM,CHEMBL708145,CHEMBL1150007,host,,,False,Interstitial collagenase
CHEMBL332,CHEMBL114458,9.0,Ki,1.0,nM,CHEMBL662806,CHEMBL1128128,host,,,False,Interstitial collagenase
CHEMBL332,CHEMBL324947,9.0,Ki,1.0,nM,CHEMBL662806,CHEMBL1128128,host,,,False,Interstitial collagenase
CHEMBL332,CHEMBL389020,9.0,Ki,1.0,nM,CHEMBL1002943,CHEMBL1141723,host,,,False,Interstitial collagenase
CHEMBL4481,CHEMBL440473,8.96,IC50,1.1,nM,CHEMBL701144,CHEMBL1135909,host,,,False,"Nitric oxide synthase, inducible"
CHEMBL4481,CHEMBL223838,8.96,IC50,1.1,nM,CHEMBL920402,CHEMBL1142952,host,,,False,"Nitric oxide synthase, inducible"
CHEMBL1795129,CHEMBL3647443,8.96,IC50,1.1,nM,CHEMBL3705674,CHEMBL3638885,host,,,False,Interleukin-6
CHEMBL1795129,CHEMBL3647441,8.96,IC50,1.1,nM,CHEMBL3705674,CHEMBL3638885,host,,,False,Interleukin-6
CHEMBL332,CHEMBL4785595,8.96,IC50,1.1,nM,CHEMBL4732948,CHEMBL4732045,host,,,False,Interstitial collagenase
CHEMBL332,CHEMBL144843,8.96,IC50,1.1,nM,CHEMBL715380,CHEMBL1132484,host,,,False,Interstitial collagenase
CHEMBL332,CHEMBL432991,8.96,IC50,1.1,nM,CHEMBL4732948,CHEMBL4732045,host,,,False,Interstitial collagenase
CHEMBL1909490,CHEMBL6036597,8.92,IC50,1.2,nM,CHEMBL5737706,CHEMBL5728895,host,,,False,Interleukin-1 beta
CHEMBL332,CHEMBL45631,8.92,Ki,1.2,nM,CHEMBL718850,CHEMBL1134554,host,,,False,Interstitial collagenase
CHEMBL3301392,CHEMBL5422022,8.92,IC50,1.21,nM,CHEMBL5383676,CHEMBL5380830,host,,,False,JAK2/TYK2
CHEMBL332,CHEMBL334909,8.92,IC50,1.2,nM,CHEMBL715366,CHEMBL1132690,host,,,False,Interstitial collagenase
CHEMBL332,CHEMBL6572,8.92,IC50,1.2,nM,CHEMBL715383,CHEMBL1134017,host,,,False,Interstitial collagenase
CHEMBL332,CHEMBL111798,8.92,IC50,1.2,nM,CHEMBL710596,CHEMBL1130676,host,,,False,Interstitial collagenase
CHEMBL332,CHEMBL344759,8.92,IC50,1.2,nM,CHEMBL715380,CHEMBL1132484,host,,,False,Interstitial collagenase
CHEMBL332,CHEMBL414852,8.89,IC50,1.3,nM,CHEMBL881499,CHEMBL1141122,host,,,False,Interstitial collagenase
CHEMBL332,CHEMBL198634,8.89,IC50,1.3,nM,CHEMBL881499,CHEMBL1141122,host,,,False,Interstitial collagenase
CHEMBL332,CHEMBL503848,8.89,EC50,1.3,nM,CHEMBL1002261,CHEMBL1156642,host,,,False,Interstitial collagenase
CHEMBL332,CHEMBL32730,8.89,IC50,1.3,nM,CHEMBL872792,CHEMBL1130830,host,,,False,Interstitial collagenase
CHEMBL1909490,CHEMBL5752218,8.89,IC50,1.3,nM,CHEMBL5737706,CHEMBL5728895,host,,,False,Interleukin-1 beta
CHEMBL1909490,CHEMBL5970809,8.89,IC50,1.3,nM,CHEMBL5737706,CHEMBL5728895,host,,,False,Interleukin-1 beta
CHEMBL332,CHEMBL328903,8.89,IC50,1.3,nM,CHEMBL713993,CHEMBL1148451,host,,,False,Interstitial collagenase
CHEMBL332,CHEMBL342100,8.89,IC50,1.3,nM,CHEMBL715380,CHEMBL1132484,host,,,False,Interstitial collagenase
CHEMBL1795129,CHEMBL3647442,8.89,IC50,1.3,nM,CHEMBL3705674,CHEMBL3638885,host,,,False,Interleukin-6
CHEMBL332,CHEMBL370842,8.89,IC50,1.3,nM,CHEMBL881499,CHEMBL1141122,host,,,False,Interstitial collagenase
CHEMBL332,CHEMBL90337,8.85,Ki,1.4,nM,CHEMBL718850,CHEMBL1134554,host,,,False,Interstitial collagenase
CHEMBL4481,CHEMBL223385,8.85,IC50,1.4,nM,CHEMBL920402,CHEMBL1142952,host,,,False,"Nitric oxide synthase, inducible"
CHEMBL4481,CHEMBL220121,8.82,IC50,1.5,nM,CHEMBL920402,CHEMBL1142952,host,,,False,"Nitric oxide synthase, inducible"
CHEMBL332,CHEMBL344060,8.82,IC50,1.5,nM,CHEMBL715380,CHEMBL1132484,host,,,False,Interstitial collagenase
CHEMBL1909490,CHEMBL5763108,8.8,IC50,1.6,nM,CHEMBL5737706,CHEMBL5728895,host,,,False,Interleukin-1 beta
CHEMBL332,CHEMBL497472,8.8,EC50,1.6,nM,CHEMBL1002261,CHEMBL1156642,host,,,False,Interstitial collagenase
CHEMBL1909490,CHEMBL5808276,8.8,IC50,1.6,nM,CHEMBL5737706,CHEMBL5728895,host,,,False,Interleukin-1 beta
CHEMBL332,CHEMBL439983,8.77,IC50,1.7,nM,CHEMBL715380,CHEMBL1132484,host,,,False,Interstitial collagenase
CHEMBL332,CHEMBL355797,8.74,Ki,1.81,nM,CHEMBL718686,CHEMBL1135723,host,,,False,Interstitial collagenase
CHEMBL332,CHEMBL418292,8.74,IC50,1.8,nM,CHEMBL710596,CHEMBL1130676,host,,,False,Interstitial collagenase
CHEMBL4481,CHEMBL256147,8.74,IC50,1.8,nM,CHEMBL2051427,CHEMBL2046316,host,TILARGININE,3.0,False,"Nitric oxide synthase, inducible"
CHEMBL4481,CHEMBL1800346,8.74,Ki,1.8,nM,CHEMBL2045839,CHEMBL2040724,host,,,False,"Nitric oxide synthase, inducible"
CHEMBL3301392,CHEMBL5416227,8.74,IC50,1.82,nM,CHEMBL5383676,CHEMBL5380830,host,,,False,JAK2/TYK2
CHEMBL1909490,CHEMBL5782617,8.74,IC50,1.8,nM,CHEMBL5737706,CHEMBL5728895,host,,,False,Interleukin-1 beta
CHEMBL4481,CHEMBL220771,8.72,IC50,1.9,nM,CHEMBL920402,CHEMBL1142952,host,,,False,"Nitric oxide synthase, inducible"
CHEMBL1909490,CHEMBL5928082,8.72,IC50,1.9,nM,CHEMBL5737706,CHEMBL5728895,host,,,False,Interleukin-1 beta
CHEMBL1909490,CHEMBL5971979,8.72,IC50,1.9,nM,CHEMBL5737706,CHEMBL5728895,host,,,False,Interleukin-1 beta
CHEMBL3301392,CHEMBL5397906,8.7,IC50,2.0,nM,CHEMBL5383682,CHEMBL5380830,host,,,False,JAK2/TYK2
CHEMBL4481,CHEMBL489724,8.7,EC50,2.0,nM,CHEMBL1003678,CHEMBL1138485,host,,,False,"Nitric oxide synthase, inducible"
CHEMBL4481,CHEMBL105792,8.7,Ki,2.0,nM,CHEMBL5360746,CHEMBL5360519,host,,,False,"Nitric oxide synthase, inducible"
CHEMBL4481,CHEMBL354788,8.7,IC50,2.0,nM,CHEMBL701146,CHEMBL1136724,host,,,False,"Nitric oxide synthase, inducible"
CHEMBL4481,CHEMBL223442,8.7,IC50,2.0,nM,CHEMBL920402,CHEMBL1142952,host,,,False,"Nitric oxide synthase, inducible"
CHEMBL4481,CHEMBL5947337,8.7,IC50,2.0,nM,CHEMBL5732415,CHEMBL5726289,host,,,False,"Nitric oxide synthase, inducible"
CHEMBL1795129,CHEMBL3647445,8.68,IC50,2.1,nM,CHEMBL3705674,CHEMBL3638885,host,,,False,Interleukin-6
CHEMBL1909490,CHEMBL6011033,8.64,IC50,2.3,nM,CHEMBL5737706,CHEMBL5728895,host,,,False,Interleukin-1 beta
CHEMBL1795129,CHEMBL5967615,8.6,EC50,2.5,nM,CHEMBL5734691,CHEMBL5727449,host,,,False,Interleukin-6
CHEMBL1909490,CHEMBL5812129,8.59,IC50,2.6,nM,CHEMBL5737706,CHEMBL5728895,host,,,False,Interleukin-1 beta
CHEMBL2095216,CHEMBL439944,8.59,IC50,2.6,nM,CHEMBL662797,CHEMBL1130523,host,,,False,Collagenase
CHEMBL1909490,CHEMBL6029082,8.59,IC50,2.6,nM,CHEMBL5737706,CHEMBL5728895,host,,,False,Interleukin-1 beta
CHEMBL4481,CHEMBL220156,8.57,IC50,2.7,nM,CHEMBL920402,CHEMBL1142952,host,,,False,"Nitric oxide synthase, inducible"
CHEMBL1795129,CHEMBL3647447,8.55,IC50,2.8,nM,CHEMBL3705674,CHEMBL3638885,host,,,False,Interleukin-6
CHEMBL4481,CHEMBL436535,8.52,IC50,3.0,nM,CHEMBL920402,CHEMBL1142952,host,,,False,"Nitric oxide synthase, inducible"
CHEMBL4481,CHEMBL492090,8.52,EC50,3.0,nM,CHEMBL1003678,CHEMBL1138485,host,,,False,"Nitric oxide synthase, inducible"
CHEMBL3301392,CHEMBL5441067,8.52,IC50,3.0,nM,CHEMBL5383682,CHEMBL5380830,host,,,False,JAK2/TYK2
CHEMBL4481,CHEMBL491923,8.52,EC50,3.0,nM,CHEMBL1003678,CHEMBL1138485,host,,,False,"Nitric oxide synthase, inducible"
CHEMBL3038492,CHEMBL3622821,8.52,IC50,3.0,nM,CHEMBL5711898,CHEMBL5705907,host,UPADACITINIB,4.0,True,JAK2/JAK1
CHEMBL1909490,CHEMBL5960754,8.52,IC50,3.0,nM,CHEMBL5737706,CHEMBL5728895,host,,,False,Interleukin-1 beta
CHEMBL1909490,CHEMBL5852308,8.52,IC50,3.0,nM,CHEMBL5737706,CHEMBL5728895,host,,,False,Interleukin-1 beta
CHEMBL1649052,CHEMBL4078100,8.5,IC50,3.162,nM,CHEMBL5369311,CHEMBL5365519,host,AZD-5153,1.0,False,C-C motif chemokine 2
CHEMBL1909490,CHEMBL5761984,8.49,IC50,3.2,nM,CHEMBL5737706,CHEMBL5728895,host,,,False,Interleukin-1 beta
CHEMBL1909490,CHEMBL5801636,8.49,IC50,3.2,nM,CHEMBL5737706,CHEMBL5728895,host,,,False,Interleukin-1 beta
CHEMBL1909490,CHEMBL6049792,8.48,IC50,3.3,nM,CHEMBL5737706,CHEMBL5728895,host,,,False,Interleukin-1 beta
CHEMBL4481,CHEMBL387348,8.46,IC50,3.5,nM,CHEMBL920402,CHEMBL1142952,host,,,False,"Nitric oxide synthase, inducible"
CHEMBL1909490,CHEMBL6015148,8.46,IC50,3.5,nM,CHEMBL5737706,CHEMBL5728895,host,,,False,Interleukin-1 beta
CHEMBL1909490,CHEMBL5758980,8.44,IC50,3.6,nM,CHEMBL5737706,CHEMBL5728895,host,,,False,Interleukin-1 beta
CHEMBL4481,CHEMBL387349,8.43,IC50,3.7,nM,CHEMBL920402,CHEMBL1142952,host,,,False,"Nitric oxide synthase, inducible"
CHEMBL1795129,CHEMBL5757665,8.42,EC50,3.8,nM,CHEMBL5734691,CHEMBL5727449,host,,,False,Interleukin-6
CHEMBL1795129,CHEMBL5993886,8.42,EC50,3.77,nM,CHEMBL5734691,CHEMBL5727449,host,,,False,Interleukin-6
CHEMBL1795129,CHEMBL3647440,8.4,IC50,4.0,nM,CHEMBL3705674,CHEMBL3638885,host,,,False,Interleukin-6
CHEMBL4481,CHEMBL1762473,8.4,IC50,4.0,nM,CHEMBL1763069,CHEMBL1759901,host,,,False,"Nitric oxide synthase, inducible"
CHEMBL1795129,CHEMBL131,8.38,IC50,4.2,nM,CHEMBL3705674,CHEMBL3638885,host,PREDNISOLONE,4.0,True,Interleukin-6
CHEMBL1795129,CHEMBL3647446,8.37,IC50,4.3,nM,CHEMBL3705674,CHEMBL3638885,host,,,False,Interleukin-6
CHEMBL1909490,CHEMBL6001622,8.33,IC50,4.7,nM,CHEMBL5737706,CHEMBL5728895,host,,,False,Interleukin-1 beta
CHEMBL1795129,CHEMBL5787912,8.31,EC50,4.9,nM,CHEMBL5734541,CHEMBL5727380,host,,,False,Interleukin-6
CHEMBL2095216,CHEMBL306412,8.31,IC50,4.9,nM,CHEMBL662797,CHEMBL1130523,host,,,False,Collagenase
CHEMBL2095216,CHEMBL306726,8.3,Ki,5.0,nM,CHEMBL662784,CHEMBL1133677,host,,,False,Collagenase
CHEMBL2095216,CHEMBL123775,8.3,Ki,5.0,nM,CHEMBL662784,CHEMBL1133677,host,,,False,Collagenase
CHEMBL2095216,CHEMBL293503,8.3,Ki,5.0,nM,CHEMBL662784,CHEMBL1133677,host,,,False,Collagenase
CHEMBL2095216,CHEMBL332755,8.3,Ki,5.0,nM,CHEMBL662784,CHEMBL1133677,host,,,False,Collagenase
CHEMBL2095216,CHEMBL54054,8.3,Ki,5.0,nM,CHEMBL662785,CHEMBL1132937,host,,,False,Collagenase
CHEMBL2095216,CHEMBL340461,8.3,Ki,5.0,nM,CHEMBL662784,CHEMBL1133677,host,,,False,Collagenase
CHEMBL2095216,CHEMBL432223,8.3,Ki,5.0,nM,CHEMBL662784,CHEMBL1133677,host,,,False,Collagenase
CHEMBL1795129,CHEMBL5977638,8.29,EC50,5.11,nM,CHEMBL5734691,CHEMBL5727449,host,,,False,Interleukin-6
CHEMBL1795129,CHEMBL5790478,8.24,EC50,5.81,nM,CHEMBL5734691,CHEMBL5727449,host,,,False,Interleukin-6
CHEMBL1909490,CHEMBL5782662,8.23,IC50,5.9,nM,CHEMBL5737706,CHEMBL5728895,host,,,False,Interleukin-1 beta
CHEMBL1795129,CHEMBL5992328,8.23,EC50,5.91,nM,CHEMBL5734691,CHEMBL5727449,host,,,False,Interleukin-6
CHEMBL2095216,CHEMBL54535,8.22,Ki,6.0,nM,CHEMBL662785,CHEMBL1132937,host,,,False,Collagenase
CHEMBL2095216,CHEMBL301977,8.22,Ki,6.0,nM,CHEMBL662785,CHEMBL1132937,host,,,False,Collagenase
CHEMBL2095216,CHEMBL122711,8.22,Ki,6.0,nM,CHEMBL662784,CHEMBL1133677,host,,,False,Collagenase
CHEMBL2095216,CHEMBL123463,8.22,Ki,6.0,nM,CHEMBL662784,CHEMBL1133677,host,,,False,Collagenase
CHEMBL2095216,CHEMBL262676,8.22,Ki,6.0,nM,CHEMBL662784,CHEMBL1133677,host,,,False,Collagenase
CHEMBL1909490,CHEMBL5840970,8.22,IC50,6.0,nM,CHEMBL5737706,CHEMBL5728895,host,,,False,Interleukin-1 beta
CHEMBL1909490,CHEMBL5922366,8.21,IC50,6.2,nM,CHEMBL5730493,CHEMBL5725295,host,,,False,Interleukin-1 beta
CHEMBL1649052,CHEMBL1957266,8.2,IC50,6.31,nM,CHEMBL5369311,CHEMBL5365519,host,,,False,C-C motif chemokine 2
CHEMBL1909490,CHEMBL5847930,8.2,IC50,6.3,nM,CHEMBL5737706,CHEMBL5728895,host,,,False,Interleukin-1 beta
CHEMBL1649052,CHEMBL5433432,8.2,IC50,6.31,nM,CHEMBL5369310,CHEMBL5365519,host,,,False,C-C motif chemokine 2
CHEMBL1795129,CHEMBL6041191,8.18,EC50,6.62,nM,CHEMBL5734691,CHEMBL5727449,host,,,False,Interleukin-6
CHEMBL1909490,CHEMBL5973713,8.18,IC50,6.6,nM,CHEMBL5737706,CHEMBL5728895,host,,,False,Interleukin-1 beta
CHEMBL1909490,CHEMBL5834410,8.17,IC50,6.8,nM,CHEMBL5737706,CHEMBL5728895,host,,,False,Interleukin-1 beta
CHEMBL1795129,CHEMBL5907906,8.16,EC50,6.9,nM,CHEMBL5734586,CHEMBL5727404,host,,,False,Interleukin-6
CHEMBL2095216,CHEMBL54436,8.15,Ki,7.0,nM,CHEMBL662785,CHEMBL1132937,host,,,False,Collagenase
CHEMBL2095216,CHEMBL307192,8.15,IC50,7.0,nM,CHEMBL662797,CHEMBL1130523,host,,,False,Collagenase
CHEMBL1795129,CHEMBL3647444,8.15,IC50,7.0,nM,CHEMBL3705674,CHEMBL3638885,host,,,False,Interleukin-6
CHEMBL1909490,CHEMBL5963394,8.13,IC50,7.4,nM,CHEMBL5737706,CHEMBL5728895,host,,,False,Interleukin-1 beta
CHEMBL1795129,CHEMBL5778223,8.12,EC50,7.6,nM,CHEMBL5734691,CHEMBL5727449,host,,,False,Interleukin-6
CHEMBL1795129,CHEMBL5948820,8.12,EC50,7.5,nM,CHEMBL5734691,CHEMBL5727449,host,,,False,Interleukin-6
CHEMBL1795129,CHEMBL5746816,8.12,EC50,7.55,nM,CHEMBL5734586,CHEMBL5727404,host,,,False,Interleukin-6
CHEMBL1909490,CHEMBL5763742,8.12,IC50,7.6,nM,CHEMBL5737706,CHEMBL5728895,host,,,False,Interleukin-1 beta
CHEMBL1795129,CHEMBL5950488,8.11,EC50,7.8,nM,CHEMBL5734691,CHEMBL5727449,host,,,False,Interleukin-6
CHEMBL2095216,CHEMBL331311,8.1,Ki,8.0,nM,CHEMBL662784,CHEMBL1133677,host,,,False,Collagenase
CHEMBL2095216,CHEMBL54904,8.1,Ki,8.0,nM,CHEMBL662785,CHEMBL1132937,host,,,False,Collagenase
CHEMBL1649052,CHEMBL4438171,8.1,IC50,7.943,nM,CHEMBL5369311,CHEMBL5365519,host,,,False,C-C motif chemokine 2
CHEMBL3301390,CHEMBL5086526,8.1,IC50,7.943,nM,CHEMBL5047435,CHEMBL5046242,host,,,False,JAK1/JAK2/TYK2
CHEMBL1795129,CHEMBL5865451,8.09,EC50,8.14,nM,CHEMBL5734691,CHEMBL5727449,host,,,False,Interleukin-6
CHEMBL1909490,CHEMBL5882443,8.08,IC50,8.3,nM,CHEMBL5737706,CHEMBL5728895,host,,,False,Interleukin-1 beta
CHEMBL2095216,CHEMBL280017,8.05,Ki,9.0,nM,CHEMBL662785,CHEMBL1132937,host,,,False,Collagenase
CHEMBL2095216,CHEMBL298822,8.05,Ki,9.0,nM,CHEMBL662785,CHEMBL1132937,host,,,False,Collagenase
CHEMBL2095216,CHEMBL293305,8.05,Ki,9.0,nM,CHEMBL662785,CHEMBL1132937,host,,,False,Collagenase
CHEMBL2095216,CHEMBL300362,8.05,Ki,9.0,nM,CHEMBL662785,CHEMBL1132937,host,,,False,Collagenase
CHEMBL2095216,CHEMBL299023,8.05,Ki,9.0,nM,CHEMBL662785,CHEMBL1132937,host,,,False,Collagenase
CHEMBL1795129,CHEMBL5863568,8.02,EC50,9.57,nM,CHEMBL5734691,CHEMBL5727449,host,,,False,Interleukin-6
CHEMBL2095216,CHEMBL299600,8.0,Ki,10.0,nM,CHEMBL662785,CHEMBL1132937,host,,,False,Collagenase
CHEMBL2095216,CHEMBL53051,8.0,Ki,10.0,nM,CHEMBL662785,CHEMBL1132937,host,,,False,Collagenase
CHEMBL2095216,CHEMBL417749,8.0,Ki,10.0,nM,CHEMBL662785,CHEMBL1132937,host,,,False,Collagenase
CHEMBL2095216,CHEMBL300807,8.0,Ki,10.0,nM,CHEMBL662785,CHEMBL1132937,host,,,False,Collagenase
CHEMBL2095216,CHEMBL56025,8.0,Ki,10.0,nM,CHEMBL662785,CHEMBL1132937,host,,,False,Collagenase
CHEMBL2095216,CHEMBL305729,8.0,IC50,10.1,nM,CHEMBL662797,CHEMBL1130523,host,,,False,Collagenase
CHEMBL2095216,CHEMBL54697,8.0,Ki,10.0,nM,CHEMBL662785,CHEMBL1132937,host,,,False,Collagenase
CHEMBL2095216,CHEMBL297488,8.0,Ki,10.0,nM,CHEMBL662785,CHEMBL1132937,host,,,False,Collagenase
CHEMBL2095216,CHEMBL330857,8.0,Ki,10.0,nM,CHEMBL662784,CHEMBL1133677,host,,,False,Collagenase
CHEMBL2095216,CHEMBL304281,8.0,Ki,10.0,nM,CHEMBL662784,CHEMBL1133677,host,,,False,Collagenase
CHEMBL1795129,CHEMBL5757312,8.0,EC50,10.1,nM,CHEMBL5734691,CHEMBL5727449,host,,,False,Interleukin-6
CHEMBL1909490,CHEMBL5790303,7.99,IC50,10.2,nM,CHEMBL5737706,CHEMBL5728895,host,,,False,Interleukin-1 beta
CHEMBL1795129,CHEMBL6057462,7.98,EC50,10.4,nM,CHEMBL5734691,CHEMBL5727449,host,,,False,Interleukin-6
CHEMBL1795129,CHEMBL5935960,7.97,EC50,10.7,nM,CHEMBL5734691,CHEMBL5727449,host,,,False,Interleukin-6
CHEMBL2095216,CHEMBL122831,7.96,Ki,11.0,nM,CHEMBL662784,CHEMBL1133677,host,,,False,Collagenase
CHEMBL2095216,CHEMBL54915,7.96,Ki,11.0,nM,CHEMBL662785,CHEMBL1132937,host,,,False,Collagenase
CHEMBL1795129,CHEMBL6025451,7.96,EC50,11.0,nM,CHEMBL5736431,CHEMBL5728279,host,,,False,Interleukin-6
CHEMBL2095216,CHEMBL122836,7.96,Ki,11.0,nM,CHEMBL662784,CHEMBL1133677,host,,,False,Collagenase
CHEMBL1909490,CHEMBL5984350,7.93,IC50,11.8,nM,CHEMBL5737706,CHEMBL5728895,host,,,False,Interleukin-1 beta
CHEMBL2095216,CHEMBL55110,7.92,Ki,12.0,nM,CHEMBL662785,CHEMBL1132937,host,,,False,Collagenase
CHEMBL2095216,CHEMBL292657,7.92,Ki,12.0,nM,CHEMBL662785,CHEMBL1132937,host,,,False,Collagenase
CHEMBL2095216,CHEMBL53044,7.92,Ki,12.0,nM,CHEMBL662785,CHEMBL1132937,host,,,False,Collagenase
CHEMBL2095216,CHEMBL123041,7.92,Ki,12.0,nM,CHEMBL662784,CHEMBL1133677,host,,,False,Collagenase
CHEMBL1795129,CHEMBL5801959,7.92,EC50,12.0,nM,CHEMBL5734691,CHEMBL5727449,host,,,False,Interleukin-6
CHEMBL2095216,CHEMBL417200,7.92,Ki,12.0,nM,CHEMBL662785,CHEMBL1132937,host,,,False,Collagenase
CHEMBL2095216,CHEMBL52531,7.92,Ki,12.0,nM,CHEMBL662785,CHEMBL1132937,host,,,False,Collagenase
CHEMBL3301390,CHEMBL5076189,7.9,IC50,12.59,nM,CHEMBL5047435,CHEMBL5046242,host,,,False,JAK1/JAK2/TYK2
CHEMBL1649052,CHEMBL5403564,7.9,IC50,12.59,nM,CHEMBL5369310,CHEMBL5365519,host,,,False,C-C motif chemokine 2
CHEMBL2095216,CHEMBL122719,7.89,Ki,13.0,nM,CHEMBL662784,CHEMBL1133677,host,,,False,Collagenase
CHEMBL2095216,CHEMBL54483,7.89,Ki,13.0,nM,CHEMBL662785,CHEMBL1132937,host,,,False,Collagenase
CHEMBL2095216,CHEMBL292431,7.89,Ki,13.0,nM,CHEMBL662785,CHEMBL1132937,host,,,False,Collagenase
CHEMBL2095216,CHEMBL298606,7.89,Ki,13.0,nM,CHEMBL662785,CHEMBL1132937,host,,,False,Collagenase
CHEMBL2095216,CHEMBL441084,7.89,Ki,13.0,nM,CHEMBL662784,CHEMBL1133677,host,,,False,Collagenase
CHEMBL1795129,CHEMBL5878671,7.89,EC50,13.0,nM,CHEMBL5736431,CHEMBL5728279,host,,,False,Interleukin-6
CHEMBL2095216,CHEMBL331342,7.89,Ki,13.0,nM,CHEMBL662784,CHEMBL1133677,host,,,False,Collagenase
CHEMBL1795129,CHEMBL5854612,7.89,IC50,13.0,nM,CHEMBL5734419,CHEMBL5727317,host,,,False,Interleukin-6
CHEMBL1909490,CHEMBL5874946,7.89,IC50,13.0,nM,CHEMBL5737706,CHEMBL5728895,host,,,False,Interleukin-1 beta
CHEMBL1795129,CHEMBL6040007,7.89,EC50,13.0,nM,CHEMBL5734691,CHEMBL5727449,host,,,False,Interleukin-6
CHEMBL1795129,CHEMBL5769037,7.85,EC50,14.0,nM,CHEMBL5734691,CHEMBL5727449,host,,,False,Interleukin-6
CHEMBL1795129,CHEMBL5972079,7.85,EC50,14.0,nM,CHEMBL5734691,CHEMBL5727449,host,,,False,Interleukin-6
CHEMBL1795129,CHEMBL6062967,7.85,IC50,14.0,nM,CHEMBL5734419,CHEMBL5727317,host,,,False,Interleukin-6
CHEMBL1795129,CHEMBL5766714,7.85,EC50,14.0,nM,CHEMBL5736431,CHEMBL5728279,host,,,False,Interleukin-6
CHEMBL3038492,CHEMBL5422886,7.85,IC50,14.0,nM,CHEMBL5375116,CHEMBL5370660,host,,,False,JAK2/JAK1
CHEMBL1795129,CHEMBL5856275,7.84,EC50,14.4,nM,CHEMBL5736715,CHEMBL5728419,host,,,False,Interleukin-6
CHEMBL1795129,CHEMBL5926850,7.84,EC50,14.3,nM,CHEMBL5734691,CHEMBL5727449,host,,,False,Interleukin-6
CHEMBL1795129,CHEMBL5753489,7.84,EC50,14.4,nM,CHEMBL5734541,CHEMBL5727380,host,,,False,Interleukin-6
CHEMBL1795129,CHEMBL5849962,7.82,EC50,15.0,nM,CHEMBL5734691,CHEMBL5727449,host,,,False,Interleukin-6
CHEMBL1795129,CHEMBL5842809,7.82,IC50,15.0,nM,CHEMBL5732416,CHEMBL5726290,host,,,False,Interleukin-6
CHEMBL3301390,CHEMBL2105759,7.8,IC50,16.0,nM,CHEMBL3766667,CHEMBL3763089,host,BARICITINIB,4.0,True,JAK1/JAK2/TYK2
CHEMBL1649052,CHEMBL5220494,7.8,IC50,15.85,nM,CHEMBL5218150,CHEMBL5214999,host,,,False,C-C motif chemokine 2
CHEMBL3301390,CHEMBL5076068,7.8,IC50,15.85,nM,CHEMBL5047435,CHEMBL5046242,host,,,False,JAK1/JAK2/TYK2
CHEMBL3301390,CHEMBL5077126,7.8,IC50,15.85,nM,CHEMBL5047435,CHEMBL5046242,host,,,False,JAK1/JAK2/TYK2
CHEMBL1795129,CHEMBL5947975,7.79,EC50,16.1,nM,CHEMBL5734691,CHEMBL5727449,host,,,False,Interleukin-6
CHEMBL1795129,CHEMBL5845465,7.77,EC50,17.0,nM,CHEMBL5734691,CHEMBL5727449,host,,,False,Interleukin-6
CHEMBL1795129,CHEMBL5949769,7.76,EC50,17.3,nM,CHEMBL5734691,CHEMBL5727449,host,,,False,Interleukin-6
CHEMBL1795129,CHEMBL5936570,7.75,EC50,17.6,nM,CHEMBL5734691,CHEMBL5727449,host,,,False,Interleukin-6
CHEMBL1909490,CHEMBL5808248,7.74,IC50,18.3,nM,CHEMBL5737706,CHEMBL5728895,host,,,False,Interleukin-1 beta
CHEMBL1795129,CHEMBL5745822,7.72,EC50,19.0,nM,CHEMBL5734691,CHEMBL5727449,host,,,False,Interleukin-6
CHEMBL1795129,CHEMBL5943152,7.72,EC50,18.9,nM,CHEMBL5734691,CHEMBL5727449,host,,,False,Interleukin-6
CHEMBL1795129,CHEMBL5985963,7.72,EC50,19.0,nM,CHEMBL5734691,CHEMBL5727449,host,,,False,Interleukin-6
CHEMBL1649052,CHEMBL5219991,7.7,IC50,19.95,nM,CHEMBL5218150,CHEMBL5214999,host,,,False,C-C motif chemokine 2
CHEMBL3301390,CHEMBL5075223,7.7,IC50,19.95,nM,CHEMBL5047435,CHEMBL5046242,host,,,False,JAK1/JAK2/TYK2
CHEMBL1795129,CHEMBL5790165,7.7,EC50,20.0,nM,CHEMBL5736431,CHEMBL5728279,host,,,False,Interleukin-6
CHEMBL3301390,CHEMBL5075556,7.7,IC50,19.95,nM,CHEMBL5047435,CHEMBL5046242,host,,,False,JAK1/JAK2/TYK2
CHEMBL1649052,CHEMBL4648362,7.7,IC50,19.95,nM,CHEMBL4885695,CHEMBL4630905,host,GSK789,,False,C-C motif chemokine 2
CHEMBL3301390,CHEMBL5085176,7.7,IC50,19.95,nM,CHEMBL5047435,CHEMBL5046242,host,,,False,JAK1/JAK2/TYK2
CHEMBL1795129,CHEMBL5778189,7.68,EC50,20.7,nM,CHEMBL5734691,CHEMBL5727449,host,,,False,Interleukin-6
CHEMBL1909490,CHEMBL5836561,7.64,IC50,22.7,nM,CHEMBL5737706,CHEMBL5728895,host,,,False,Interleukin-1 beta
CHEMBL1909490,CHEMBL6015125,7.62,IC50,24.1,nM,CHEMBL5737706,CHEMBL5728895,host,,,False,Interleukin-1 beta
CHEMBL3038492,CHEMBL4297507,7.6,IC50,25.0,nM,CHEMBL4630020,CHEMBL4627398,host,DELGOCITINIB,3.0,False,JAK2/JAK1
CHEMBL1909490,CHEMBL6035509,7.6,IC50,25.3,nM,CHEMBL5737706,CHEMBL5728895,host,,,False,Interleukin-1 beta
CHEMBL1649052,CHEMBL5218813,7.6,IC50,25.12,nM,CHEMBL5218150,CHEMBL5214999,host,,,False,C-C motif chemokine 2
CHEMBL1909490,CHEMBL6009102,7.59,IC50,25.5,nM,CHEMBL5737706,CHEMBL5728895,host,,,False,Interleukin-1 beta
CHEMBL3301392,CHEMBL4548200,7.57,IC50,27.0,nM,CHEMBL4414789,CHEMBL4414548,host,,,False,JAK2/TYK2
CHEMBL3038492,CHEMBL1789941,7.51,IC50,31.0,nM,CHEMBL2378508,CHEMBL2375236,host,RUXOLITINIB,4.0,True,JAK2/JAK1
CHEMBL3301390,CHEMBL5084542,7.5,IC50,31.62,nM,CHEMBL5047435,CHEMBL5046242,host,,,False,JAK1/JAK2/TYK2
CHEMBL1649052,CHEMBL5220128,7.5,IC50,31.62,nM,CHEMBL5218150,CHEMBL5214999,host,,,False,C-C motif chemokine 2
CHEMBL3301390,CHEMBL5079248,7.5,IC50,31.62,nM,CHEMBL5047435,CHEMBL5046242,host,,,False,JAK1/JAK2/TYK2
CHEMBL1649052,CHEMBL4636881,7.5,IC50,31.62,nM,CHEMBL5369311,CHEMBL5365519,host,GSK046,,False,C-C motif chemokine 2
CHEMBL1649052,CHEMBL5219919,7.5,IC50,31.62,nM,CHEMBL5218150,CHEMBL5214999,host,,,False,C-C motif chemokine 2
CHEMBL3038492,CHEMBL5409953,7.43,IC50,37.0,nM,CHEMBL5375116,CHEMBL5370660,host,,,False,JAK2/JAK1
CHEMBL3301390,CHEMBL5078141,7.4,IC50,39.81,nM,CHEMBL5047435,CHEMBL5046242,host,,,False,JAK1/JAK2/TYK2
CHEMBL3301390,CHEMBL5087255,7.4,IC50,39.81,nM,CHEMBL5047435,CHEMBL5046242,host,,,False,JAK1/JAK2/TYK2
CHEMBL3301390,CHEMBL5075673,7.4,IC50,39.81,nM,CHEMBL5047435,CHEMBL5046242,host,,,False,JAK1/JAK2/TYK2
CHEMBL1649052,CHEMBL4639128,7.4,IC50,39.81,nM,CHEMBL5369311,CHEMBL5365519,host,GSK778,,False,C-C motif chemokine 2
CHEMBL1649052,CHEMBL2017291,7.4,IC50,39.81,nM,CHEMBL5369311,CHEMBL5365519,host,,,False,C-C motif chemokine 2
CHEMBL3301390,CHEMBL5078647,7.4,IC50,39.81,nM,CHEMBL5047435,CHEMBL5046242,host,,,False,JAK1/JAK2/TYK2
CHEMBL1649052,CHEMBL5218822,7.4,IC50,39.81,nM,CHEMBL5218150,CHEMBL5214999,host,,,False,C-C motif chemokine 2
CHEMBL1649052,CHEMBL5219602,7.4,IC50,39.81,nM,CHEMBL5218150,CHEMBL5214999,host,,,False,C-C motif chemokine 2
CHEMBL1649052,CHEMBL5218909,7.4,IC50,39.81,nM,CHEMBL5218150,CHEMBL5214999,host,,,False,C-C motif chemokine 2
CHEMBL1649052,CHEMBL5219538,7.4,IC50,39.81,nM,CHEMBL5218150,CHEMBL5214999,host,,,False,C-C motif chemokine 2
CHEMBL1649052,CHEMBL5218726,7.4,IC50,39.81,nM,CHEMBL5218150,CHEMBL5214999,host,,,False,C-C motif chemokine 2
CHEMBL3038492,CHEMBL5396554,7.36,IC50,44.0,nM,CHEMBL5375116,CHEMBL5370660,host,,,False,JAK2/JAK1
CHEMBL3038492,CHEMBL5404574,7.35,IC50,45.0,nM,CHEMBL5375116,CHEMBL5370660,host,,,False,JAK2/JAK1
CHEMBL3301392,CHEMBL4530719,7.34,IC50,46.0,nM,CHEMBL4414789,CHEMBL4414548,host,,,False,JAK2/TYK2
CHEMBL3038492,CHEMBL5407260,7.32,IC50,48.0,nM,CHEMBL5375116,CHEMBL5370660,host,,,False,JAK2/JAK1
CHEMBL3301392,CHEMBL4864387,7.3,IC50,49.9,nM,CHEMBL4825793,CHEMBL4825658,host,,,False,JAK2/TYK2
CHEMBL1649052,CHEMBL5220623,7.3,IC50,50.12,nM,CHEMBL5369311,CHEMBL5365519,host,,,False,C-C motif chemokine 2
CHEMBL1649052,CHEMBL5218817,7.3,IC50,50.12,nM,CHEMBL5218150,CHEMBL5214999,host,,,False,C-C motif chemokine 2
CHEMBL1649052,CHEMBL5221069,7.3,IC50,50.12,nM,CHEMBL5218150,CHEMBL5214999,host,,,False,C-C motif chemokine 2
CHEMBL1649052,CHEMBL4637208,7.3,IC50,50.12,nM,CHEMBL4886875,CHEMBL4630902,host,GSK973,,False,C-C motif chemokine 2
CHEMBL1649052,CHEMBL5426762,7.3,IC50,50.12,nM,CHEMBL5369310,CHEMBL5365519,host,,,False,C-C motif chemokine 2
CHEMBL3038492,CHEMBL221959,7.29,IC50,51.0,nM,CHEMBL4411591,CHEMBL4411260,host,TOFACITINIB,4.0,True,JAK2/JAK1
CHEMBL3038492,CHEMBL5420083,7.24,IC50,58.0,nM,CHEMBL5375116,CHEMBL5370660,host,,,False,JAK2/JAK1
CHEMBL3038492,CHEMBL5412967,7.24,IC50,58.0,nM,CHEMBL5375116,CHEMBL5370660,host,,,False,JAK2/JAK1
CHEMBL3038492,CHEMBL5403897,7.22,IC50,60.0,nM,CHEMBL5375116,CHEMBL5370660,host,,,False,JAK2/JAK1
CHEMBL1649052,CHEMBL4635134,7.2,IC50,63.1,nM,CHEMBL4885819,CHEMBL4630909,host,GSK620,,False,C-C motif chemokine 2
CHEMBL3301392,CHEMBL4526283,7.2,IC50,63.0,nM,CHEMBL4414789,CHEMBL4414548,host,,,False,JAK2/TYK2
CHEMBL3301390,CHEMBL5074310,7.2,IC50,63.1,nM,CHEMBL5047435,CHEMBL5046242,host,,,False,JAK1/JAK2/TYK2
CHEMBL3301390,CHEMBL5094089,7.2,IC50,63.1,nM,CHEMBL5047435,CHEMBL5046242,host,,,False,JAK1/JAK2/TYK2
CHEMBL6101,CHEMBL1398377,7.19,EC50,64.3,nM,CHEMBL1613837,CHEMBL1201862,host,,,False,Signal transducer and activator of transcription 1-alpha/beta
CHEMBL6101,CHEMBL1332452,7.16,EC50,69.0,nM,CHEMBL1614373,CHEMBL1201862,host,,,False,Signal transducer and activator of transcription 1-alpha/beta
CHEMBL3038492,CHEMBL5279787,7.15,IC50,71.0,nM,CHEMBL5375116,CHEMBL5370660,host,,,False,JAK2/JAK1
CHEMBL6101,CHEMBL5397297,7.15,EC50,71.0,nM,CHEMBL5377987,CHEMBL5375974,host,,,False,Signal transducer and activator of transcription 1-alpha/beta
CHEMBL3301392,CHEMBL4544320,7.15,IC50,71.0,nM,CHEMBL4414789,CHEMBL4414548,host,,,False,JAK2/TYK2
CHEMBL3301392,CHEMBL4472802,7.15,IC50,71.0,nM,CHEMBL4414789,CHEMBL4414548,host,,,False,JAK2/TYK2
CHEMBL3301392,CHEMBL4444606,7.12,IC50,75.0,nM,CHEMBL4414789,CHEMBL4414548,host,,,False,JAK2/TYK2
CHEMBL3301390,CHEMBL221959,7.12,IC50,75.4,nM,CHEMBL3299205,CHEMBL3297690,host,TOFACITINIB,4.0,True,JAK1/JAK2/TYK2
CHEMBL3301390,CHEMBL5076101,7.1,IC50,79.43,nM,CHEMBL5047435,CHEMBL5046242,host,,,False,JAK1/JAK2/TYK2
CHEMBL1649052,CHEMBL5408181,7.1,IC50,79.43,nM,CHEMBL5369310,CHEMBL5365519,host,,,False,C-C motif chemokine 2
CHEMBL3301392,CHEMBL2105759,7.09,IC50,81.9,nM,CHEMBL3299208,CHEMBL3297690,host,BARICITINIB,4.0,True,JAK2/TYK2
CHEMBL3038492,CHEMBL4458435,7.09,IC50,81.0,nM,CHEMBL4411584,CHEMBL4411260,host,,,False,JAK2/JAK1
CHEMBL3301392,CHEMBL4297507,7.08,IC50,84.0,nM,CHEMBL4630021,CHEMBL4627398,host,DELGOCITINIB,3.0,False,JAK2/TYK2
CHEMBL3038492,CHEMBL5270549,7.07,IC50,85.0,nM,CHEMBL5375116,CHEMBL5370660,host,,,False,JAK2/JAK1
CHEMBL6101,CHEMBL1333621,7.06,EC50,87.0,nM,CHEMBL1614373,CHEMBL1201862,host,,,False,Signal transducer and activator of transcription 1-alpha/beta
CHEMBL3301392,CHEMBL4561663,7.05,IC50,89.0,nM,CHEMBL4414789,CHEMBL4414548,host,,,False,JAK2/TYK2
CHEMBL6101,CHEMBL1328302,7.03,EC50,93.0,nM,CHEMBL1614373,CHEMBL1201862,host,,,False,Signal transducer and activator of transcription 1-alpha/beta
CHEMBL3038492,CHEMBL4435170,7.0,IC50,100.0,nM,CHEMBL5327996,CHEMBL5325475,host,DEUCRAVACITINIB,4.0,True,JAK2/JAK1
CHEMBL3301390,CHEMBL5077653,7.0,IC50,100.0,nM,CHEMBL5047435,CHEMBL5046242,host,,,False,JAK1/JAK2/TYK2
CHEMBL3038492,CHEMBL2325898,6.99,IC50,102.0,nM,CHEMBL2329052,CHEMBL2321829,host,,,False,JAK2/JAK1
CHEMBL3301392,CHEMBL4444169,6.96,IC50,110.0,nM,CHEMBL4414789,CHEMBL4414548,host,,,False,JAK2/TYK2
CHEMBL3301392,CHEMBL4459585,6.95,IC50,112.0,nM,CHEMBL4675843,CHEMBL4673239,host,ROPSACITINIB,2.0,False,JAK2/TYK2
CHEMBL6101,CHEMBL1523697,6.94,EC50,114.0,nM,CHEMBL1614373,CHEMBL1201862,host,,,False,Signal transducer and activator of transcription 1-alpha/beta
CHEMBL3038492,CHEMBL5424439,6.94,IC50,115.0,nM,CHEMBL5375116,CHEMBL5370660,host,,,False,JAK2/JAK1
CHEMBL3301392,CHEMBL4458435,6.92,IC50,120.0,nM,CHEMBL4411590,CHEMBL4411260,host,,,False,JAK2/TYK2
CHEMBL3301390,CHEMBL5082928,6.9,IC50,125.89,nM,CHEMBL5047435,CHEMBL5046242,host,,,False,JAK1/JAK2/TYK2
CHEMBL3301390,CHEMBL5172397,6.9,IC50,125.9,nM,CHEMBL5154543,CHEMBL5150077,host,,,False,JAK1/JAK2/TYK2
CHEMBL6101,CHEMBL1535921,6.9,EC50,126.0,nM,CHEMBL1614373,CHEMBL1201862,host,,,False,Signal transducer and activator of transcription 1-alpha/beta
CHEMBL1649052,CHEMBL5219194,6.9,IC50,125.89,nM,CHEMBL5218150,CHEMBL5214999,host,,,False,C-C motif chemokine 2
CHEMBL3038492,CHEMBL2325896,6.85,IC50,141.0,nM,CHEMBL2329052,CHEMBL2321829,host,,,False,JAK2/JAK1
CHEMBL1649052,CHEMBL5219077,6.8,IC50,158.49,nM,CHEMBL5218150,CHEMBL5214999,host,,,False,C-C motif chemokine 2
CHEMBL3301390,CHEMBL5084340,6.8,IC50,158.49,nM,CHEMBL5047435,CHEMBL5046242,host,,,False,JAK1/JAK2/TYK2
CHEMBL3301390,CHEMBL5084913,6.8,IC50,158.49,nM,CHEMBL5047435,CHEMBL5046242,host,,,False,JAK1/JAK2/TYK2
CHEMBL3301390,CHEMBL3655081,6.79,IC50,163.0,nM,CHEMBL4023008,CHEMBL4020822,host,ABROCITINIB,4.0,True,JAK1/JAK2/TYK2
CHEMBL3038492,CHEMBL3655081,6.79,IC50,163.0,nM,CHEMBL4023007,CHEMBL4020822,host,ABROCITINIB,4.0,True,JAK2/JAK1
CHEMBL3301390,CHEMBL2325898,6.76,IC50,175.0,nM,CHEMBL2329040,CHEMBL2321829,host,,,False,JAK1/JAK2/TYK2
CHEMBL6101,CHEMBL1604696,6.75,EC50,179.0,nM,CHEMBL1614373,CHEMBL1201862,host,,,False,Signal transducer and activator of transcription 1-alpha/beta
CHEMBL3038492,CHEMBL5395839,6.73,IC50,185.0,nM,CHEMBL5375116,CHEMBL5370660,host,,,False,JAK2/JAK1
CHEMBL3038492,CHEMBL5417474,6.73,IC50,185.0,nM,CHEMBL5375116,CHEMBL5370660,host,,,False,JAK2/JAK1
CHEMBL1649052,CHEMBL4519518,6.7,IC50,199.53,nM,CHEMBL5369311,CHEMBL5365519,host,,,False,C-C motif chemokine 2
CHEMBL1649052,CHEMBL5195288,6.7,IC50,199.53,nM,CHEMBL5157213,CHEMBL5154688,host,,,False,C-C motif chemokine 2
CHEMBL3301390,CHEMBL4459585,6.7,IC50,201.0,nM,CHEMBL4675846,CHEMBL4673239,host,ROPSACITINIB,2.0,False,JAK1/JAK2/TYK2
CHEMBL3038492,CHEMBL4561663,6.68,IC50,210.0,nM,CHEMBL4414792,CHEMBL4414548,host,,,False,JAK2/JAK1
CHEMBL6101,CHEMBL1450911,6.68,EC50,210.0,nM,CHEMBL1614373,CHEMBL1201862,host,,,False,Signal transducer and activator of transcription 1-alpha/beta
CHEMBL3038492,CHEMBL2376143,6.64,IC50,230.0,nM,CHEMBL2378508,CHEMBL2375236,host,,,False,JAK2/JAK1
CHEMBL3301390,CHEMBL3765822,6.64,IC50,230.0,nM,CHEMBL3766667,CHEMBL3763089,host,,,False,JAK1/JAK2/TYK2
CHEMBL3301392,CHEMBL3765822,6.64,IC50,230.0,nM,CHEMBL3766658,CHEMBL3763089,host,,,False,JAK2/TYK2
CHEMBL3301392,CHEMBL221959,6.64,IC50,229.0,nM,CHEMBL3299208,CHEMBL3297690,host,TOFACITINIB,4.0,True,JAK2/TYK2
CHEMBL6101,CHEMBL1577902,6.64,EC50,229.0,nM,CHEMBL1614373,CHEMBL1201862,host,,,False,Signal transducer and activator of transcription 1-alpha/beta
CHEMBL6101,CHEMBL1559414,6.63,EC50,233.0,nM,CHEMBL1614373,CHEMBL1201862,host,,,False,Signal transducer and activator of transcription 1-alpha/beta
CHEMBL1649052,CHEMBL5190509,6.6,IC50,251.19,nM,CHEMBL5157213,CHEMBL5154688,host,,,False,C-C motif chemokine 2
CHEMBL3038492,CHEMBL4530719,6.58,IC50,260.0,nM,CHEMBL4414792,CHEMBL4414548,host,,,False,JAK2/JAK1
CHEMBL3301392,CHEMBL4465409,6.55,IC50,280.0,nM,CHEMBL4414789,CHEMBL4414548,host,,,False,JAK2/TYK2
CHEMBL3038492,CHEMBL2325895,6.54,IC50,291.0,nM,CHEMBL2329052,CHEMBL2321829,host,,,False,JAK2/JAK1
CHEMBL3038492,CHEMBL5420971,6.54,IC50,288.0,nM,CHEMBL5375116,CHEMBL5370660,host,,,False,JAK2/JAK1
CHEMBL3301390,CHEMBL1789941,6.53,IC50,298.0,nM,CHEMBL3299205,CHEMBL3297690,host,RUXOLITINIB,4.0,True,JAK1/JAK2/TYK2
CHEMBL3301392,CHEMBL5077096,6.52,IC50,299.4,nM,CHEMBL5041961,CHEMBL5038661,host,,,False,JAK2/TYK2
CHEMBL3301392,CHEMBL4460194,6.51,IC50,310.0,nM,CHEMBL4414789,CHEMBL4414548,host,,,False,JAK2/TYK2
CHEMBL6101,CHEMBL4846365,6.5,IC50,320.0,nM,CHEMBL4816238,CHEMBL4813976,host,,,False,Signal transducer and activator of transcription 1-alpha/beta
CHEMBL6101,CHEMBL1465006,6.48,EC50,331.0,nM,CHEMBL1614373,CHEMBL1201862,host,,,False,Signal transducer and activator of transcription 1-alpha/beta
CHEMBL3301392,CHEMBL4469812,6.48,IC50,330.0,nM,CHEMBL4414789,CHEMBL4414548,host,,,False,JAK2/TYK2
CHEMBL6101,CHEMBL1571018,6.47,EC50,341.0,nM,CHEMBL1614373,CHEMBL1201862,host,,,False,Signal transducer and activator of transcription 1-alpha/beta
CHEMBL6101,CHEMBL4864495,6.46,IC50,350.0,nM,CHEMBL4816238,CHEMBL4813976,host,,,False,Signal transducer and activator of transcription 1-alpha/beta
CHEMBL6101,CHEMBL1334210,6.45,EC50,356.0,nM,CHEMBL1614373,CHEMBL1201862,host,,,False,Signal transducer and activator of transcription 1-alpha/beta
CHEMBL3301392,CHEMBL4476830,6.42,IC50,380.0,nM,CHEMBL4414789,CHEMBL4414548,host,,,False,JAK2/TYK2
CHEMBL1649052,CHEMBL5194720,6.4,IC50,398.11,nM,CHEMBL5157213,CHEMBL5154688,host,,,False,C-C motif chemokine 2
CHEMBL1649052,CHEMBL5220099,6.4,IC50,398.11,nM,CHEMBL5218150,CHEMBL5214999,host,,,False,C-C motif chemokine 2
CHEMBL1649052,CHEMBL5220077,6.4,IC50,398.11,nM,CHEMBL5218150,CHEMBL5214999,host,,,False,C-C motif chemokine 2
CHEMBL6101,CHEMBL1543167,6.39,EC50,409.0,nM,CHEMBL1614373,CHEMBL1201862,host,,,False,Signal transducer and activator of transcription 1-alpha/beta
CHEMBL3301390,CHEMBL3301607,6.39,IC50,407.4,nM,CHEMBL5154543,CHEMBL5150077,host,FILGOTINIB,4.0,True,JAK1/JAK2/TYK2
CHEMBL6101,CHEMBL1543182,6.38,EC50,420.0,nM,CHEMBL1614373,CHEMBL1201862,host,,,False,Signal transducer and activator of transcription 1-alpha/beta
CHEMBL6101,CHEMBL165790,6.38,EC50,418.0,nM,CHEMBL1614373,CHEMBL1201862,host,IPRIFLAVONE,2.0,False,Signal transducer and activator of transcription 1-alpha/beta
CHEMBL3038492,CHEMBL4594441,6.38,IC50,417.0,nM,CHEMBL5120645,CHEMBL5113550,host,IFIDANCITINIB,2.0,False,JAK2/JAK1
CHEMBL3301392,CHEMBL4438202,6.37,IC50,430.0,nM,CHEMBL4414789,CHEMBL4414548,host,,,False,JAK2/TYK2
CHEMBL6101,CHEMBL1531634,6.37,EC50,431.0,nM,CHEMBL1614373,CHEMBL1201862,host,,,False,Signal transducer and activator of transcription 1-alpha/beta
CHEMBL6101,CHEMBL1453960,6.36,EC50,436.0,nM,CHEMBL1614373,CHEMBL1201862,host,,,False,Signal transducer and activator of transcription 1-alpha/beta
CHEMBL6101,CHEMBL1406726,6.33,EC50,463.0,nM,CHEMBL1614373,CHEMBL1201862,host,,,False,Signal transducer and activator of transcription 1-alpha/beta
CHEMBL3038492,CHEMBL2376040,6.31,IC50,490.0,nM,CHEMBL2378508,CHEMBL2375236,host,,,False,JAK2/JAK1
CHEMBL3301392,CHEMBL4453545,6.31,IC50,490.0,nM,CHEMBL4414789,CHEMBL4414548,host,,,False,JAK2/TYK2
CHEMBL3038492,CHEMBL3335691,6.3,EC50,505.0,nM,CHEMBL3377097,CHEMBL3351377,host,,,False,JAK2/JAK1
CHEMBL6101,CHEMBL1563821,6.29,EC50,516.0,nM,CHEMBL1614373,CHEMBL1201862,host,,,False,Signal transducer and activator of transcription 1-alpha/beta
CHEMBL6101,CHEMBL1430765,6.28,EC50,525.0,nM,CHEMBL1614373,CHEMBL1201862,host,,,False,Signal transducer and activator of transcription 1-alpha/beta
CHEMBL3038492,CHEMBL3335686,6.24,EC50,578.0,nM,CHEMBL3377097,CHEMBL3351377,host,,,False,JAK2/JAK1
CHEMBL1649052,CHEMBL5220501,6.2,IC50,630.96,nM,CHEMBL5218150,CHEMBL5214999,host,,,False,C-C motif chemokine 2
CHEMBL1649052,CHEMBL5220904,6.2,IC50,630.96,nM,CHEMBL5218150,CHEMBL5214999,host,,,False,C-C motif chemokine 2
CHEMBL1649052,CHEMBL5220753,6.2,IC50,630.96,nM,CHEMBL5218150,CHEMBL5214999,host,,,False,C-C motif chemokine 2
CHEMBL1649052,CHEMBL5220275,6.2,IC50,630.96,nM,CHEMBL5218150,CHEMBL5214999,host,,,False,C-C motif chemokine 2
CHEMBL3038492,CHEMBL3335685,6.2,EC50,633.0,nM,CHEMBL3377097,CHEMBL3351377,host,,,False,JAK2/JAK1
CHEMBL3301392,CHEMBL4537678,6.18,IC50,660.0,nM,CHEMBL4414789,CHEMBL4414548,host,,,False,JAK2/TYK2
CHEMBL6101,CHEMBL1366272,6.17,EC50,669.0,nM,CHEMBL1614373,CHEMBL1201862,host,,,False,Signal transducer and activator of transcription 1-alpha/beta
CHEMBL6101,CHEMBL297453,6.16,Kd,700.0,nM,CHEMBL3124634,CHEMBL3120108,host,EPIGALOCATECHIN GALLATE,3.0,False,Signal transducer and activator of transcription 1-alpha/beta
CHEMBL6101,CHEMBL1458453,6.13,EC50,741.0,nM,CHEMBL1614373,CHEMBL1201862,host,,,False,Signal transducer and activator of transcription 1-alpha/beta
CHEMBL6101,CHEMBL1496911,6.12,EC50,751.0,nM,CHEMBL1614373,CHEMBL1201862,host,,,False,Signal transducer and activator of transcription 1-alpha/beta
CHEMBL3301392,CHEMBL1789941,6.09,IC50,818.0,nM,CHEMBL3299208,CHEMBL3297690,host,RUXOLITINIB,4.0,True,JAK2/TYK2
CHEMBL6101,CHEMBL1518405,6.09,EC50,811.0,nM,CHEMBL1614373,CHEMBL1201862,host,,,False,Signal transducer and activator of transcription 1-alpha/beta
CHEMBL6101,CHEMBL1381396,6.08,EC50,832.0,nM,CHEMBL1614373,CHEMBL1201862,host,,,False,Signal transducer and activator of transcription 1-alpha/beta
CHEMBL6101,CHEMBL1316867,6.08,EC50,834.72,nM,CHEMBL1613837,CHEMBL1201862,host,,,False,Signal transducer and activator of transcription 1-alpha/beta
CHEMBL6101,CHEMBL1408441,6.08,EC50,825.0,nM,CHEMBL1614373,CHEMBL1201862,host,,,False,Signal transducer and activator of transcription 1-alpha/beta
CHEMBL6101,CHEMBL1501717,6.07,EC50,851.0,nM,CHEMBL1614373,CHEMBL1201862,host,,,False,Signal transducer and activator of transcription 1-alpha/beta
CHEMBL3301390,CHEMBL2325895,6.06,IC50,864.0,nM,CHEMBL2329040,CHEMBL2321829,host,,,False,JAK1/JAK2/TYK2
CHEMBL6101,CHEMBL4846078,6.06,IC50,880.0,nM,CHEMBL4816238,CHEMBL4813976,host,,,False,Signal transducer and activator of transcription 1-alpha/beta
CHEMBL6101,CHEMBL1423409,6.04,EC50,920.0,nM,CHEMBL1614373,CHEMBL1201862,host,,,False,Signal transducer and activator of transcription 1-alpha/beta
CHEMBL3038492,CHEMBL4564280,6.03,IC50,930.0,nM,CHEMBL5714829,CHEMBL5712911,host,,,False,JAK2/JAK1
CHEMBL3038492,CHEMBL3335687,6.02,EC50,956.0,nM,CHEMBL3377097,CHEMBL3351377,host,,,False,JAK2/JAK1
CHEMBL3038492,CHEMBL3301607,6.01,IC50,977.24,nM,CHEMBL5683029,CHEMBL5678809,host,FILGOTINIB,4.0,True,JAK2/JAK1
CHEMBL3301392,CHEMBL4287153,6.01,IC50,970.0,nM,CHEMBL5383639,CHEMBL5380830,host,,,False,JAK2/TYK2
CHEMBL6101,CHEMBL4452527,6.0,Kd,1000.0,nM,CHEMBL4356792,CHEMBL4354826,host,,,False,Signal transducer and activator of transcription 1-alpha/beta
CHEMBL6101,CHEMBL1610388,6.0,EC50,1002.0,nM,CHEMBL1614373,CHEMBL1201862,host,,,False,Signal transducer and activator of transcription 1-alpha/beta
CHEMBL1649052,CHEMBL5218922,6.0,IC50,1000.0,nM,CHEMBL5218150,CHEMBL5214999,host,,,False,C-C motif chemokine 2
CHEMBL1649052,CHEMBL5219599,6.0,IC50,1000.0,nM,CHEMBL5218150,CHEMBL5214999,host,,,False,C-C motif chemokine 2
CHEMBL1649052,CHEMBL5219089,6.0,IC50,1000.0,nM,CHEMBL5218150,CHEMBL5214999,host,,,False,C-C motif chemokine 2
